"jornada","jornada_id","id","name","points","jornada_points","teamValue","position","lineup.type","lineup.players_1","lineup.players_2","lineup.players_3","lineup.players_4","lineup.players_5","lineup.players_6","lineup.players_7","lineup.players_8","lineup.players_9","lineup.players_10","lineup.players_11"
1,4484,8128710,"Los vengadores",58,58,144970000,1,"4-3-3",23006,37458,38189,35426,8376,8670,30081,2597,30502,33516,32435
1,4484,10089858,"Karlox F.C.",41,41,87550000,2,"3-4-3",11,28115,33972,6828,951,16321,24474,19862,33938,2009,1927
1,4484,8127478,"Arregui",92,36,112290000,3,"4-4-2",9068,27996,38143,1780,10574,25322,31020,30210,1769,17937,26930
1,4484,6822272,"Ricardo J",10,10,152440000,4,"3-5-2",32134,19839,33839,31018,33691,2224,30307,31243,19547,18415,18178
1,4484,6826480,"Víctor Orta",22,22,70040000,5,"4-3-3",9090,38290,37741,38194,34221,34527,4245,21084,25394,15396,742
1,4484,5684093,"CD Cornisa Azul",22,22,74890000,6,"3-4-3",37894,28012,21063,33970,30123,34702,32629,19485,3159,2219,32042
1,4484,11678835,"Julia",36,36,80020000,7,"5-3-2",17021,18916,37460,19614,37399,33447,24732,12221,10158,11633,29631
2,4485,8128710,"Los vengadores",92,34,144970000,1,"3-5-2",257,38189,18173,35705,18174,8670,30081,24979,1612,33516,32435
2,4485,10089858,"Karlox F.C.",78,37,87550000,2,"3-4-3",11,33972,34488,12400,951,2368,24474,19862,23280,2009,33938
2,4485,8127478,"Arregui",139,47,112290000,3,"4-3-3",38405,27996,38143,1780,10574,1769,31020,30210,18382,17937,26930
2,4485,6822272,"Ricardo J",43,33,152440000,4,"5-3-2",11677,32440,38095,20702,31018,37499,26299,31243,2224,18415,34479
2,4485,6826480,"Víctor Orta",46,24,70040000,5,"4-3-3",9090,38290,37741,38194,34221,34527,4245,21084,25394,15396,742
2,4485,5684093,"CD Cornisa Azul",75,53,74890000,6,"4-4-2",37894,28012,28103,33970,755,17057,32120,19485,30123,2219,3159
2,4485,11678835,"Julia",64,28,80020000,7,"4-4-2",17021,26813,37460,19614,10245,11196,24732,12221,10158,11633,29631
3,4486,8128710,"Los vengadores",174,41,144970000,1,"3-4-3",257,12424,5678,35705,26048,27591,30081,1612,19297,27994,32435
3,4486,10089858,"Karlox F.C.",147,39,87550000,2,"3-5-2",11,30493,34488,12400,2368,35901,24474,19862,37897,2009,33938
3,4486,8127478,"Arregui",208,33,112290000,3,"3-4-3",38405,27996,38143,10574,29034,1769,31020,30210,18382,17937,26930
3,4486,6822272,"Ricardo J",119,47,152440000,4,"3-4-3",17482,25592,38095,31018,17148,34702,31027,2602,33,1868,34479
3,4486,6826480,"Víctor Orta",86,26,70040000,5,"3-4-3",9090,38290,37741,38194,10139,34527,4245,21084,25394,15396,742
3,4486,5684093,"CD Cornisa Azul",145,41,74890000,6,"4-4-2",37894,28012,28103,33970,755,17057,32120,19485,30123,2219,23334
3,4486,11678835,"Julia",104,22,80020000,7,"4-4-2",17021,26813,37460,19614,10245,11196,24732,12221,10158,11633,29631
4,4487,8128710,"Los vengadores",226,52,144970000,1,"3-4-3",257,15464,1679,1074,24326,8747,26068,25400,19297,26271,32435
4,4487,10089858,"Karlox F.C.",182,35,87550000,2,"4-4-2",11,30493,34111,12400,33972,2368,24474,19862,37897,2009,6259
4,4487,8127478,"Arregui",276,68,112290000,3,"3-4-3",38405,27996,38143,10574,29034,1769,31020,30210,18382,17937,26930
4,4487,6822272,"Ricardo J",155,36,152440000,4,"4-5-1",10117,22073,38072,25592,31707,17148,14800,26299,2602,31027,34479
4,4487,6826480,"Víctor Orta",128,42,70040000,5,"4-3-3",9090,38290,11800,38194,38095,34527,4245,21084,9047,25394,742
4,4487,5684093,"CD Cornisa Azul",165,20,74890000,6,"3-5-2",32456,28012,28103,755,25396,32338,17057,19485,30123,15396,30502
4,4487,11678835,"Julia",116,12,80020000,7,"5-3-2",17021,18399,37460,19614,10245,26592,9480,11196,10158,11633,35763
5,4488,8128710,"Los vengadores",276,50,144970000,1,"3-4-3",23006,1679,21,1992,24326,8747,34131,31243,26271,19577,32435
5,4488,10089858,"Karlox F.C.",233,51,87550000,2,"3-5-2",11,30493,34111,12400,38867,2368,24474,19862,37897,2009,12526
5,4488,8127478,"Arregui",323,47,112290000,3,"3-4-3",38405,27996,38143,27960,29034,1769,31020,30210,91,17937,26930
5,4488,6822272,"Ricardo J",186,31,152440000,4,"3-5-2",9887,22073,31707,25592,14800,19547,26299,2602,31027,16821,34479
5,4488,6826480,"Víctor Orta",166,38,70040000,5,"4-4-2",9090,38290,11800,38194,38095,34527,4245,21084,1876,25394,742
5,4488,5684093,"CD Cornisa Azul",211,46,74890000,6,"4-4-2",23880,28012,28103,31026,33970,32338,17057,19485,30123,38964,30502
5,4488,11678835,"Julia",138,22,80020000,7,"4-3-3",17021,26592,37460,19614,26813,10158,9480,32135,897,16317,35763
6,4489,8128710,"Los vengadores",133,41,144970000,1,"3-4-3",257,12424,5678,35705,26048,27591,30081,25400,19297,27994,32435
6,4489,10089858,"Karlox F.C.",108,30,87550000,2,"4-4-2",11,30493,34488,12400,33972,2368,24474,19862,37897,2009,33938
6,4489,8127478,"Arregui",175,36,112290000,3,"4-3-3",38405,27996,38143,1780,10574,1769,31020,30210,18382,17937,26930
6,4489,6822272,"Ricardo J",72,29,152440000,4,"3-4-3",17482,28082,38095,31018,26879,34702,31027,2602,33,1868,34479
6,4489,6826480,"Víctor Orta",60,14,70040000,5,"4-3-3",9090,38290,37741,38194,34221,34527,4245,21084,25394,15396,742
6,4489,5684093,"CD Cornisa Azul",104,29,74890000,6,"4-4-2",37894,28012,28103,33970,755,17057,32120,19485,30123,2219,23334
6,4489,11678835,"Julia",82,18,80020000,7,"4-4-2",17021,26813,37460,19614,10245,11196,24732,12221,10158,11633,29631
7,4490,8128710,"Los vengadores",315,39,144970000,1,"3-4-3",23006,1679,38144,33971,24326,8747,5807,1969,26271,19577,32435
7,4490,10089858,"Karlox F.C.",284,51,87550000,2,"3-5-2",11,30493,34111,12400,38867,30789,24474,19862,5717,2009,12526
7,4490,8127478,"Arregui",354,31,112290000,3,"3-4-3",38405,27996,38143,27960,29034,1769,25778,30210,18397,17937,26930
7,4490,6822272,"Ricardo J",227,41,152440000,4,"4-3-3",7003,18173,38493,15455,31707,14800,19547,2602,16821,28309,34479
7,4490,6826480,"Víctor Orta",200,34,70040000,5,"3-5-2",9090,38095,11800,38194,32629,34527,4245,21084,1876,9047,32363
7,4490,5684093,"CD Cornisa Azul",233,22,74890000,6,"4-5-1",NA,28012,28103,31026,33970,32338,17057,19485,30477,25396,38964
7,4490,11678835,"Julia",164,26,80020000,7,"4-3-3",17021,290,26566,26813,13994,19445,9480,32135,897,16317,34803
8,4491,8128710,"Los vengadores",365,50,144970000,1,"3-5-2",23006,26095,755,33971,24326,8747,5807,1462,38075,19577,32435
8,4491,10089858,"Karlox F.C.",312,28,87550000,2,"4-3-3",11,30493,34111,12400,21068,30789,24474,38867,29908,2009,12526
8,4491,8127478,"Arregui",404,50,112290000,3,"3-4-3",38405,27996,38143,27960,29034,1769,25778,30210,18397,17937,91
8,4491,6822272,"Ricardo J",268,41,152440000,4,"4-3-3",7003,18173,26678,6871,38493,1083,19547,2602,16821,21008,34479
8,4491,6826480,"Víctor Orta",227,27,70040000,5,"4-4-2",9090,38095,32440,38194,38290,34527,4245,32629,NA,9047,32363
8,4491,5684093,"CD Cornisa Azul",282,49,74890000,6,"4-4-2",12087,28012,28103,31026,33970,25396,32338,19485,30477,1153,38964
8,4491,11678835,"Julia",196,32,80020000,7,"4-3-3",17021,290,26566,26813,1074,19445,9480,32135,35615,16317,34803
9,4492,8128710,"Los vengadores",404,39,144970000,1,"3-4-3",23880,1679,10574,33971,26068,38075,5807,31243,26271,19577,32435
9,4492,10089858,"Karlox F.C.",346,34,87550000,2,"4-3-3",11,30493,34111,21068,37715,30789,24474,38355,38289,2009,12526
9,4492,8127478,"Arregui",442,38,112290000,3,"3-4-3",38405,27996,38143,27960,2597,21145,35344,30210,18382,17937,91
9,4492,6822272,"Ricardo J",316,48,152440000,4,"3-5-2",38527,38493,2031,20,19441,19547,1249,2602,26299,34479,38962
9,4492,6826480,"Víctor Orta",268,41,70040000,5,"4-3-3",9090,11800,32440,38194,38290,38963,4245,32629,38164,9047,32363
9,4492,5684093,"CD Cornisa Azul",304,22,74890000,6,"3-4-3",12087,28012,33970,31026,30477,38449,32338,9763,38854,10276,38964
9,4492,11678835,"Julia",252,56,80020000,7,"4-3-3",17021,18916,26566,26813,1074,19445,9480,32135,35615,33,34803
10,4493,8128710,"Los vengadores",463,59,144970000,1,"3-4-3",23880,1309,10574,33971,18174,17344,38958,31243,26271,19577,24509
10,4493,10089858,"Karlox F.C.",374,28,87550000,2,"4-3-3",11,30493,34111,21068,37715,30789,24474,38355,38289,2009,12526
10,4493,8127478,"Arregui",458,16,112290000,3,"3-4-3",38405,1613,13994,27960,2597,30495,35344,30210,18382,17937,26930
10,4493,6822272,"Ricardo J",359,43,152440000,4,"4-5-1",38527,38369,1676,20,1760,19441,19547,37724,2602,35901,38962
10,4493,6826480,"Víctor Orta",302,34,70040000,5,"4-3-3",9090,11800,32440,38194,38290,38963,4245,32629,38164,9047,32363
10,4493,5684093,"CD Cornisa Azul",334,30,74890000,6,"3-4-3",12087,28012,33970,31026,30477,38449,32338,9763,38854,10276,38964
10,4493,11678835,"Julia",314,62,80020000,7,"4-3-3",17021,18916,26566,26813,1074,19445,9480,21145,35615,33,34803
11,4494,8128710,"Los vengadores",530,67,144970000,1,"3-4-3",23880,37495,10574,33971,18174,1083,38958,31243,26271,19577,38843
11,4494,10089858,"Karlox F.C.",441,67,87550000,2,"3-4-3",11,31707,34111,21068,38867,30789,24474,38355,38289,2009,12526
11,4494,8127478,"Arregui",507,49,112290000,3,"4-4-2",38405,23403,31321,27960,13994,30495,35344,30210,2597,18382,10650
11,4494,6822272,"Ricardo J",405,46,152440000,4,"4-5-1",19192,20,1676,22964,37467,26048,31267,37724,19547,20102,38962
11,4494,6826480,"Víctor Orta",338,36,70040000,5,"4-3-3",9090,11800,32440,38194,38290,19485,4245,32629,38164,9047,32363
11,4494,5684093,"CD Cornisa Azul",358,24,74890000,6,"4-4-2",2184,28012,9557,26276,28087,38449,17057,30477,9763,38308,10276
11,4494,11678835,"Julia",348,34,80020000,7,"4-3-3",17021,18916,26566,26813,1074,19445,9480,21145,35615,33,38216
12,4495,8128710,"Los vengadores",585,55,144970000,1,"3-4-3",4703,31018,10574,33971,18174,31027,38958,31243,26271,19577,38843
12,4495,10089858,"Karlox F.C.",482,41,87550000,2,"3-4-3",11,31707,37715,37723,38867,30789,24474,11686,38289,2009,12526
12,4495,8127478,"Arregui",547,40,112290000,3,"4-5-1",38405,23403,26678,27960,23840,30495,35344,30210,2597,37453,18382
12,4495,6822272,"Ricardo J",431,26,152440000,4,"3-4-3",15430,1676,23572,22964,31267,34483,20102,19547,38962,15568,35770
12,4495,6826480,"Víctor Orta",377,39,70040000,5,"4-3-3",9090,11800,32440,38194,38290,38963,26994,21084,17690,9047,25724
12,4495,5684093,"CD Cornisa Azul",403,45,74890000,6,"5-3-2",2184,28012,31026,26276,28087,1613,38449,30477,9763,38308,10276
12,4495,11678835,"Julia",379,31,80020000,7,"4-3-3",17021,18916,26566,26813,1074,19445,9480,21145,35615,33,37450
13,4496,8128710,"Los vengadores",646,61,144970000,1,"3-4-3",9887,10574,38493,33971,10139,31027,38958,31243,1927,19577,26271
13,4496,10089858,"Karlox F.C.",532,50,87550000,2,"4-4-2",11,31707,33447,35156,20,30789,24474,11686,38867,2009,38289
13,4496,8127478,"Arregui",575,28,112290000,3,"3-4-3",30487,23403,26678,23840,2597,30495,35344,30210,12494,17937,26930
13,4496,6822272,"Ricardo J",464,33,152440000,4,"3-4-3",15430,1676,1721,17731,1876,1249,20102,19547,2603,15568,35770
13,4496,6826480,"Víctor Orta",424,47,70040000,5,"4-3-3",9090,11800,38194,2169,21068,38963,26994,21084,17690,9047,25724
13,4496,5684093,"CD Cornisa Azul",427,24,74890000,6,"5-3-2",2184,28012,9557,26276,28087,1613,32338,30477,17057,38308,10276
13,4496,11678835,"Julia",415,36,80020000,7,"4-3-3",17021,18916,26566,31043,1074,19445,9480,1733,35615,33,37450
14,4497,8128710,"Los vengadores",688,42,144970000,1,"4-3-3",257,10574,38493,33971,26813,31027,10139,38390,1927,19577,26271
14,4497,10089858,"Karlox F.C.",590,58,87550000,2,"4-4-2",11,31707,33447,15462,20,30789,24474,3259,38867,2009,38289
14,4497,8127478,"Arregui",637,62,112290000,3,"4-3-3",30487,23403,26678,23840,27960,30495,2597,30210,12494,17937,26930
14,4497,6822272,"Ricardo J",500,36,152440000,4,"3-4-3",15430,1676,1721,37499,26068,1876,20102,19547,91,15568,20969
14,4497,6826480,"Víctor Orta",464,40,70040000,5,"4-3-3",9090,11800,38290,2169,21068,38963,26994,21084,38964,9047,25724
14,4497,5684093,"CD Cornisa Azul",453,26,74890000,6,"4-3-3",2184,28012,31026,26276,28087,38449,32338,30477,10745,38308,10276
14,4497,11678835,"Julia",443,28,80020000,7,"4-3-3",17021,18916,26566,31043,1074,19445,9480,1733,35615,33,37450
15,4498,8128710,"Los vengadores",756,23,144970000,1,"4-4-2",257,10574,19614,1908,33971,31027,10139,31243,24979,19577,26271
15,4498,10089858,"Karlox F.C.",682,38,87550000,2,"4-4-2",11,31707,33447,15462,20,30789,34077,3259,27591,2009,38289
15,4498,8127478,"Arregui",705,56,112290000,3,"4-3-3",30487,23403,2635,23840,27960,30495,2597,26048,12494,12526,26930
15,4498,6822272,"Ricardo J",578,32,152440000,4,"3-4-3",15430,2253,1721,17731,26068,1876,20102,15471,2001,15568,21008
15,4498,6826480,"Víctor Orta",543,40,70040000,5,"4-3-3",9090,11800,38290,2169,21068,37724,38963,21084,17690,9047,25724
15,4498,5684093,"CD Cornisa Azul",536,31,74890000,6,"4-3-3",2184,28012,31026,26276,1613,38449,32338,30477,10745,35606,10276
15,4498,11678835,"Julia",541,30,80020000,7,"3-4-3",17021,1074,26566,31321,12221,19445,9480,1733,35615,33,37450
16,4499,8128710,"Los vengadores",793,37,144970000,1,"4-3-3",257,10574,19614,10040,15719,31027,10139,31243,897,19577,26271
16,4499,10089858,"Karlox F.C.",726,44,87550000,2,"3-5-2",11,20,33447,35156,38867,30789,35344,11686,27591,2009,38289
16,4499,8127478,"Arregui",750,45,112290000,3,"4-3-3",30487,18945,2635,23840,38847,30495,2597,26048,12494,12526,26930
16,4499,6822272,"Ricardo J",608,30,152440000,4,"4-3-3",15430,26095,17731,32460,34111,9402,1249,20102,2001,15568,21008
16,4499,6826480,"Víctor Orta",603,60,70040000,5,"4-3-3",9090,11800,38290,2169,21068,37724,38963,21084,17690,9047,25724
16,4499,5684093,"CD Cornisa Azul",573,37,74890000,6,"3-5-2",2184,28012,9557,26276,1971,38449,32338,30477,17057,10745,10276
16,4499,11678835,"Julia",563,22,80020000,7,"3-4-3",17021,1074,26566,31321,12221,19445,9480,1733,35615,33,37450
17,4500,8128710,"Los vengadores",837,44,144970000,1,"4-3-3",257,10574,19614,10040,15719,31027,10139,31243,37473,19577,26271
17,4500,10089858,"Karlox F.C.",770,44,87550000,2,"3-5-2",11,20,33447,35156,3259,30789,35344,38368,27591,2009,38289
17,4500,8127478,"Arregui",808,58,112290000,3,"4-3-3",30487,18945,2635,23840,38847,30495,2597,26048,18382,12526,26930
17,4500,6822272,"Ricardo J",655,47,152440000,4,"4-3-3",15430,2253,17731,32460,34111,9402,19547,20102,2001,15568,21008
17,4500,6826480,"Víctor Orta",660,57,70040000,5,"4-3-3",9090,11800,38290,2169,8695,1969,38963,21084,17690,9047,25724
17,4500,5684093,"CD Cornisa Azul",615,42,74890000,6,"3-4-3",9887,28012,9557,22964,17057,5807,32338,30477,6259,27994,10276
17,4500,11678835,"Julia",600,37,80020000,7,"3-4-3",17021,1074,26566,31321,12221,19445,9480,1733,35615,33,37450
18,4501,8128710,"Los vengadores",881,44,144970000,1,"4-3-3",257,37719,19614,10040,1871,2602,5352,31243,37473,1153,26271
18,4501,10089858,"Karlox F.C.",812,42,87550000,2,"4-4-2",11,20,33447,35156,1599,30789,34077,3259,27591,2009,38289
18,4501,8127478,"Arregui",838,30,112290000,3,"4-3-3",30487,18945,2635,35765,13994,30495,2597,26048,18382,12526,26930
18,4501,6822272,"Ricardo J",717,62,152440000,4,"3-4-3",15430,2253,34111,17731,19862,19547,20102,20969,2603,18178,1927
18,4501,6826480,"Víctor Orta",703,43,70040000,5,"4-3-3",9090,11800,21068,2169,NA,21145,38963,21084,38964,9047,25724
18,4501,5684093,"CD Cornisa Azul",657,42,74890000,6,"3-4-3",9887,28012,22964,26276,17057,5807,32338,30477,6259,10745,10276
18,4501,11678835,"Julia",640,40,80020000,7,"3-4-3",17021,1074,26566,31321,12221,19445,9480,1733,35615,33,32114
19,4502,8128710,"Los vengadores",733,45,144970000,1,"3-4-3",257,10574,38493,33971,38390,31027,10139,38958,1927,19577,26271
19,4502,10089858,"Karlox F.C.",644,54,87550000,2,"4-4-2",11,31707,33447,15462,20,30789,34077,3259,11686,2009,38289
19,4502,8127478,"Arregui",705,68,112290000,3,"4-3-3",30487,23403,26678,23840,27960,30495,2597,26048,12494,12526,26930
19,4502,6822272,"Ricardo J",546,46,152440000,4,"3-4-3",15430,2253,1721,17731,26068,1249,20102,19547,2001,15568,21008
19,4502,6826480,"Víctor Orta",503,39,70040000,5,"4-3-3",9090,11800,38290,2169,21068,38963,26994,21084,38964,9047,25724
19,4502,5684093,"CD Cornisa Azul",505,52,74890000,6,"4-3-3",2184,28012,31026,26276,1613,38449,32338,30477,10745,35606,10276
19,4502,11678835,"Julia",511,68,80020000,7,"3-4-3",17021,1074,26566,31321,12221,19445,9480,1733,35615,33,37450
20,4503,8128710,"Los vengadores",951,70,144970000,1,"4-3-3",257,2600,37719,10040,31043,34527,37456,31243,37473,19577,26271
20,4503,10089858,"Karlox F.C.",843,31,87550000,2,"3-4-3",11,20,33447,27996,35344,3259,22699,27591,38962,2009,38289
20,4503,8127478,"Arregui",870,32,112290000,3,"3-5-2",30487,18945,11045,2635,14800,30495,2597,26048,24979,12526,26930
20,4503,6822272,"Ricardo J",772,55,152440000,4,"3-4-3",15430,755,34111,17731,31027,19547,20102,20969,32042,2603,1927
20,4503,6826480,"Víctor Orta",748,45,70040000,5,"4-3-3",9090,11800,37725,33694,16889,21145,38963,21084,35678,9047,25724
20,4503,5684093,"CD Cornisa Azul",692,35,74890000,6,"3-4-3",9887,28012,22964,9557,17057,5807,32338,30477,27994,10745,6259
20,4503,11678835,"Julia",682,42,80020000,7,"3-4-3",17021,33839,26566,31321,12221,19445,9480,1733,18398,33,32114
21,4504,8128710,"Los vengadores",1033,82,144970000,1,"3-4-3",257,2600,1908,31043,5352,34527,28309,31243,24576,19577,26271
21,4504,10089858,"Karlox F.C.",890,47,87550000,2,"3-4-3",11,20,33447,27996,35344,3259,38368,27591,38962,2009,38289
21,4504,8127478,"Arregui",913,43,112290000,3,"4-4-2",30487,18945,11045,2635,35765,30495,2597,14800,24979,38164,26930
21,4504,6822272,"Ricardo J",816,44,152440000,4,"3-4-3",15430,35249,755,37499,9402,19547,31027,20969,2603,18178,1927
21,4504,6826480,"Víctor Orta",768,20,70040000,5,"4-3-3",9090,11800,37725,33694,2100,32629,26068,21084,35678,9047,25724
21,4504,5684093,"CD Cornisa Azul",741,49,74890000,6,"3-4-3",9887,28012,22964,9557,17057,5807,32338,30477,27994,10745,6259
21,4504,11678835,"Julia",740,58,80020000,7,"3-4-3",17021,33839,26566,31321,12221,19445,30210,1733,18398,33,32114
22,4505,8128710,"Los vengadores",1100,67,144970000,1,"3-4-3",257,2600,1908,31043,28309,34527,37456,31243,37473,19577,26271
22,4505,10089858,"Karlox F.C.",939,49,87550000,2,"3-4-3",11,20,33447,27996,35344,3259,38368,27591,38962,2009,38289
22,4505,8127478,"Arregui",947,34,112290000,3,"4-4-2",18251,18945,11045,35765,31707,30495,2597,29184,26048,38164,26930
22,4505,6822272,"Ricardo J",864,48,152440000,4,"3-5-2",15430,35249,2031,1844,30081,19547,9402,20969,31027,1927,2603
22,4505,6826480,"Víctor Orta",822,54,70040000,5,"4-3-3",9090,11800,37725,33694,2169,11196,26068,21084,35678,9047,25724
22,4505,5684093,"CD Cornisa Azul",779,38,74890000,6,"3-4-3",9887,28012,26276,9557,17057,5807,32338,30477,27994,10745,6259
22,4505,11678835,"Julia",785,45,80020000,7,"3-4-3",17021,27960,26566,31321,12221,19445,30210,1733,18398,33,29631
23,4506,8128710,"Los vengadores",1164,64,144970000,1,"3-4-3",257,2600,1679,31043,28309,34527,37456,31243,37473,19577,26271
23,4506,10089858,"Karlox F.C.",1005,66,87550000,2,"4-3-3",11,20,33447,27996,38369,3259,38368,27591,38962,2009,38289
23,4506,8127478,"Arregui",1006,59,112290000,3,"4-5-1",18251,18945,1760,31018,31707,30495,2597,24979,26048,163,38071
23,4506,6822272,"Ricardo J",905,41,152440000,4,"3-5-2",15430,35249,1844,25398,30081,19547,9402,20969,31027,1927,2603
23,4506,6826480,"Víctor Orta",849,27,70040000,5,"4-3-3",9090,11800,37725,33694,2169,11196,26068,2055,35678,9047,25724
23,4506,5684093,"CD Cornisa Azul",803,24,74890000,6,"3-4-3",9887,31026,26276,9557,14800,5807,32338,38449,10276,10745,6259
23,4506,11678835,"Julia",816,31,80020000,7,"3-4-3",17021,27960,28087,12424,12221,19445,30210,1733,18398,33,29908
24,4507,8128710,"Los vengadores",1176,12,144970000,1,"3-4-3",257,2600,1679,31043,28309,34527,39966,31243,37473,19577,26271
24,4507,10089858,"Karlox F.C.",1057,52,87550000,2,"4-4-2",11,20,33447,35156,38369,3259,38368,35344,34077,2009,38962
24,4507,8127478,"Arregui",1055,49,112290000,3,"4-4-2",18251,18945,32440,31018,31707,30495,2597,29034,26048,12494,38843
24,4507,6822272,"Ricardo J",942,37,152440000,4,"3-5-2",15430,35249,1613,25398,30081,19547,9402,20969,31027,32435,2603
24,4507,6826480,"Víctor Orta",892,43,70040000,5,"3-4-3",7003,11800,2169,2100,1769,11196,26068,2055,18382,17056,25724
24,4507,5684093,"CD Cornisa Azul",849,46,74890000,6,"3-4-3",9887,31026,26276,9557,14800,5807,32338,26994,39431,10745,37451
24,4507,11678835,"Julia",858,42,80020000,7,"3-4-3",17021,26566,2476,32020,12221,19445,30210,1733,18398,33,29908
25,4508,8128710,"Los vengadores",1226,50,144970000,1,"3-4-3",257,2600,1679,31043,17344,34527,39966,31243,37473,19577,26271
25,4508,10089858,"Karlox F.C.",1106,49,87550000,2,"4-3-3",11,38369,33447,35156,20,3259,38368,34077,15568,2009,38962
25,4508,8127478,"Arregui",1087,32,112290000,3,"3-4-3",18251,31707,32440,1760,39816,30495,2597,26048,18397,26930,38843
25,4508,6822272,"Ricardo J",991,49,152440000,4,"3-5-2",15430,25398,1613,37499,30081,19547,9402,20969,31027,2001,2603
25,4508,6826480,"Víctor Orta",935,43,70040000,5,"3-4-3",7003,11800,2169,17731,1769,11196,24979,2055,18382,17056,25724
25,4508,5684093,"CD Cornisa Azul",905,56,74890000,6,"3-4-3",9887,31026,26276,9557,19860,5807,32338,26994,10276,10745,37451
25,4508,11678835,"Julia",879,21,80020000,7,"3-4-3",17021,26566,2476,28087,12221,19445,30210,1733,18398,33,29908
26,4509,8128710,"Los vengadores",1226,NA,144970000,1,"3-4-3",257,2600,1679,31043,28309,34527,39966,31243,37473,24576,26271
26,4509,10089858,"Karlox F.C.",1106,NA,87550000,2,"4-4-2",11,38369,33447,35156,20,3259,38368,34077,38867,15568,38962
26,4509,8127478,"Arregui",1087,NA,112290000,3,"3-4-3",18251,31707,32440,1760,39816,30495,2597,26048,18397,26930,38843
26,4509,6822272,"Ricardo J",991,NA,152440000,4,"3-5-2",15430,25398,1613,37499,30081,19547,9402,20969,31027,34479,2603
26,4509,6826480,"Víctor Orta",935,NA,70040000,5,"3-4-3",7003,11800,2169,17731,1769,11196,26068,2055,18382,17056,25724
26,4509,5684093,"CD Cornisa Azul",905,NA,74890000,6,"3-4-3",9887,31026,26276,9557,19860,5807,32338,17057,10276,10745,26077
26,4509,11678835,"Julia",879,NA,80020000,7,"3-4-3",17021,26566,2476,28087,12221,19445,30210,1733,18398,33,29908
