round_order,round_id,round_name,round_short,round_part,round_status,user_id,user_name,user_icon,total_points_after_round,team_value,team_value_increment,league_position,lineup_type,lineup_points,lineup_position,lineup_date,lineup_date_iso,lineup_count,bonus_point,bonus_fixed,total_points_before_round
1,4484,Jornada 1,J1,,finished,8128710,Los vengadores,icons/11.png,58,138560000,-950000,1,4-3-3,58,1,1755276651,2025-08-15T16:50:51+00:00,True,200000,500000,0
1,4484,Jornada 1,J1,,finished,10089858,Karlox F.C.,icons/7.png,41,91370000,-770000,2,3-4-3,41,2,1755246528,2025-08-15T08:28:48+00:00,True,440000,500000,0
1,4484,Jornada 1,J1,,finished,8127478,Arregui,https://lh3.googleusercontent.com/a/AItbvmlJOQCrYJFKsWPDYSjpqt1A7kAZJUhj-ZkmC-6Q=s300-c,92,102410000,-890000,3,4-4-2,36,4,1755157445,2025-08-14T07:44:05+00:00,True,720000,500000,56
1,4484,Jornada 1,J1,,finished,6822272,Ricardo J,,10,157450000,-1960000,4,3-5-2,10,7,1755241997,2025-08-15T07:13:17+00:00,True,1160000,500000,0
1,4484,Jornada 1,J1,,finished,6826480,Víctor Orta,i/u/6826480.png,22,87480000,-350000,5,4-3-3,22,5,1755273847,2025-08-15T16:04:07+00:00,True,720000,500000,0
1,4484,Jornada 1,J1,,finished,5684093,CD Cornisa Azul,icons/42.png,22,78730000,-540000,6,3-4-3,22,6,1755246244,2025-08-15T08:24:04+00:00,True,820000,500000,0
1,4484,Jornada 1,J1,,finished,11678835,Julia,https://graph.facebook.com/10218096465979952/picture?height=300&width=300,36,78670000,-620000,7,5-3-2,36,3,1755235599,2025-08-15T05:26:39+00:00,True,440000,500000,0
2,4485,Jornada 2,J2,,finished,8128710,Los vengadores,icons/11.png,92,138560000,-950000,1,3-5-2,34,4,1755890647,2025-08-22T19:24:07+00:00,True,680000,500000,58
2,4485,Jornada 2,J2,,finished,10089858,Karlox F.C.,icons/7.png,78,91370000,-770000,2,3-4-3,37,3,1755839277,2025-08-22T05:07:57+00:00,True,660000,500000,41
2,4485,Jornada 2,J2,,finished,8127478,Arregui,https://lh3.googleusercontent.com/a/AItbvmlJOQCrYJFKsWPDYSjpqt1A7kAZJUhj-ZkmC-6Q=s300-c,139,102410000,-890000,3,4-3-3,47,2,1755499922,2025-08-18T06:52:02+00:00,True,560000,500000,92
2,4485,Jornada 2,J2,,finished,6822272,Ricardo J,,43,157450000,-1960000,4,5-3-2,33,5,1755841817,2025-08-22T05:50:17+00:00,True,740000,500000,10
2,4485,Jornada 2,J2,,finished,6826480,Víctor Orta,i/u/6826480.png,46,87480000,-350000,5,4-3-3,24,7,1755273847,2025-08-15T16:04:07+00:00,True,1060000,500000,22
2,4485,Jornada 2,J2,,finished,5684093,CD Cornisa Azul,icons/42.png,75,78730000,-540000,6,4-4-2,53,1,1755842700,2025-08-22T06:05:00+00:00,True,480000,500000,22
2,4485,Jornada 2,J2,,finished,11678835,Julia,https://graph.facebook.com/10218096465979952/picture?height=300&width=300,64,78670000,-620000,7,4-4-2,28,6,1755762086,2025-08-21T07:41:26+00:00,True,940000,500000,36
3,4489,Jornada 6,J6,,finished,8128710,Los vengadores,icons/11.png,133,138560000,-950000,1,3-4-3,41,1,1756321199,2025-08-27T18:59:59+00:00,True,,500000,92
3,4489,Jornada 6,J6,,finished,10089858,Karlox F.C.,icons/7.png,108,91370000,-770000,2,4-4-2,30,3,1756311686,2025-08-27T16:21:26+00:00,True,40000,500000,78
3,4489,Jornada 6,J6,,finished,8127478,Arregui,https://lh3.googleusercontent.com/a/AItbvmlJOQCrYJFKsWPDYSjpqt1A7kAZJUhj-ZkmC-6Q=s300-c,175,102410000,-890000,3,4-3-3,36,2,1755499922,2025-08-18T06:52:02+00:00,True,40000,500000,139
3,4489,Jornada 6,J6,,finished,6822272,Ricardo J,,72,157450000,-1960000,4,3-4-3,29,4,1756306941,2025-08-27T15:02:21+00:00,True,120000,500000,43
3,4489,Jornada 6,J6,,finished,6826480,Víctor Orta,i/u/6826480.png,60,87480000,-350000,5,4-3-3,14,7,1755273847,2025-08-15T16:04:07+00:00,True,120000,500000,46
3,4489,Jornada 6,J6,,finished,5684093,CD Cornisa Azul,icons/42.png,104,78730000,-540000,6,4-4-2,29,5,1756165421,2025-08-25T23:43:41+00:00,True,80000,500000,75
3,4489,Jornada 6,J6,,finished,11678835,Julia,https://graph.facebook.com/10218096465979952/picture?height=300&width=300,82,78670000,-620000,7,4-4-2,18,6,1755762086,2025-08-21T07:41:26+00:00,True,40000,500000,64
4,4486,Jornada 3,J3,,finished,8128710,Los vengadores,icons/11.png,174,138560000,-950000,1,3-4-3,41,2,1756455690,2025-08-29T08:21:30+00:00,True,520000,500000,133
4,4486,Jornada 3,J3,,finished,10089858,Karlox F.C.,icons/7.png,147,91370000,-770000,2,3-5-2,39,4,1756451737,2025-08-29T07:15:37+00:00,True,780000,500000,108
4,4486,Jornada 3,J3,,finished,8127478,Arregui,https://lh3.googleusercontent.com/a/AItbvmlJOQCrYJFKsWPDYSjpqt1A7kAZJUhj-ZkmC-6Q=s300-c,208,102410000,-890000,3,3-4-3,33,5,1756453493,2025-08-29T07:44:53+00:00,True,820000,500000,175
4,4486,Jornada 3,J3,,finished,6822272,Ricardo J,,119,157450000,-1960000,4,3-4-3,47,1,1756449926,2025-08-29T06:45:26+00:00,True,440000,500000,72
4,4486,Jornada 3,J3,,finished,6826480,Víctor Orta,i/u/6826480.png,86,87480000,-350000,5,3-4-3,26,6,1756366917,2025-08-28T07:41:57+00:00,True,820000,500000,60
4,4486,Jornada 3,J3,,finished,5684093,CD Cornisa Azul,icons/42.png,145,78730000,-540000,6,4-4-2,41,3,1756165421,2025-08-25T23:43:41+00:00,True,660000,500000,104
4,4486,Jornada 3,J3,,finished,11678835,Julia,https://graph.facebook.com/10218096465979952/picture?height=300&width=300,104,78670000,-620000,7,4-4-2,22,7,1755762086,2025-08-21T07:41:26+00:00,True,940000,500000,82
5,4487,Jornada 4,J4,,finished,8128710,Los vengadores,icons/11.png,226,138560000,-950000,1,3-4-3,52,2,1757703225,2025-09-12T18:53:45+00:00,True,400000,500000,174
5,4487,Jornada 4,J4,,finished,10089858,Karlox F.C.,icons/7.png,182,91370000,-770000,2,4-4-2,35,5,1757652814,2025-09-12T04:53:34+00:00,True,840000,500000,147
5,4487,Jornada 4,J4,,finished,8127478,Arregui,https://lh3.googleusercontent.com/a/AItbvmlJOQCrYJFKsWPDYSjpqt1A7kAZJUhj-ZkmC-6Q=s300-c,276,102410000,-890000,3,3-4-3,68,1,1756453493,2025-08-29T07:44:53+00:00,True,240000,500000,208
5,4487,Jornada 4,J4,,finished,6822272,Ricardo J,,155,157450000,-1960000,4,4-5-1,36,4,1757575459,2025-09-11T07:24:19+00:00,True,720000,500000,119
5,4487,Jornada 4,J4,,finished,6826480,Víctor Orta,i/u/6826480.png,128,87480000,-350000,5,4-3-3,42,3,1757669629,2025-09-12T09:33:49+00:00,True,700000,500000,86
5,4487,Jornada 4,J4,,finished,5684093,CD Cornisa Azul,icons/42.png,165,78730000,-540000,6,3-5-2,20,6,1757690210,2025-09-12T15:16:50+00:00,True,1040000,500000,145
5,4487,Jornada 4,J4,,finished,11678835,Julia,https://graph.facebook.com/10218096465979952/picture?height=300&width=300,116,78670000,-620000,7,5-3-2,12,7,1757145109,2025-09-06T07:51:49+00:00,True,1360000,500000,104
6,4488,Jornada 5,J5,,finished,8128710,Los vengadores,icons/11.png,276,138560000,-950000,1,3-4-3,50,2,1758299077,2025-09-19T16:24:37+00:00,True,620000,500000,226
6,4488,Jornada 5,J5,,finished,10089858,Karlox F.C.,icons/7.png,233,91370000,-770000,2,3-5-2,51,1,1758172165,2025-09-18T05:09:25+00:00,True,440000,500000,182
6,4488,Jornada 5,J5,,finished,8127478,Arregui,https://lh3.googleusercontent.com/a/AItbvmlJOQCrYJFKsWPDYSjpqt1A7kAZJUhj-ZkmC-6Q=s300-c,323,102410000,-890000,3,3-4-3,47,3,1758095281,2025-09-17T07:48:01+00:00,True,760000,500000,276
6,4488,Jornada 5,J5,,finished,6822272,Ricardo J,,186,157450000,-1960000,4,3-5-2,31,6,1758174024,2025-09-18T05:40:24+00:00,True,1000000,500000,155
6,4488,Jornada 5,J5,,finished,6826480,Víctor Orta,i/u/6826480.png,166,87480000,-350000,5,4-4-2,38,5,1758270560,2025-09-19T08:29:20+00:00,True,940000,500000,128
6,4488,Jornada 5,J5,,finished,5684093,CD Cornisa Azul,icons/42.png,211,78730000,-540000,6,4-4-2,46,4,1758269598,2025-09-19T08:13:18+00:00,True,920000,500000,165
6,4488,Jornada 5,J5,,finished,11678835,Julia,https://graph.facebook.com/10218096465979952/picture?height=300&width=300,138,78670000,-620000,7,4-3-3,22,7,1758258640,2025-09-19T05:10:40+00:00,True,1020000,500000,116
7,4710,Jornada 6 (aplazada),J6,2,finished,8128710,Los vengadores,icons/11.png,276,138560000,-950000,1,3-4-3,41,1,1756321199,2025-08-27T18:59:59+00:00,True,280000,500000,235
7,4710,Jornada 6 (aplazada),J6,2,finished,10089858,Karlox F.C.,icons/7.png,233,91370000,-770000,2,4-4-2,30,3,1756311686,2025-08-27T16:21:26+00:00,True,580000,500000,203
7,4710,Jornada 6 (aplazada),J6,2,finished,8127478,Arregui,https://lh3.googleusercontent.com/a/AItbvmlJOQCrYJFKsWPDYSjpqt1A7kAZJUhj-ZkmC-6Q=s300-c,323,102410000,-890000,3,4-3-3,36,2,1755499922,2025-08-18T06:52:02+00:00,True,360000,500000,287
7,4710,Jornada 6 (aplazada),J6,2,finished,6822272,Ricardo J,,186,157450000,-1960000,4,3-4-3,29,4,1756306941,2025-08-27T15:02:21+00:00,True,580000,500000,157
7,4710,Jornada 6 (aplazada),J6,2,finished,6826480,Víctor Orta,i/u/6826480.png,166,87480000,-350000,5,4-3-3,14,7,1755273847,2025-08-15T16:04:07+00:00,True,820000,500000,152
7,4710,Jornada 6 (aplazada),J6,2,finished,5684093,CD Cornisa Azul,icons/42.png,211,78730000,-540000,6,4-4-2,29,5,1756165421,2025-08-25T23:43:41+00:00,True,600000,500000,182
7,4710,Jornada 6 (aplazada),J6,2,finished,11678835,Julia,https://graph.facebook.com/10218096465979952/picture?height=300&width=300,138,78670000,-620000,7,4-4-2,18,6,1755762086,2025-08-21T07:41:26+00:00,True,720000,500000,120
8,4490,Jornada 7,J7,,finished,8128710,Los vengadores,icons/11.png,315,138560000,-950000,1,3-4-3,39,3,1758864270,2025-09-26T05:24:30+00:00,True,620000,500000,276
8,4490,Jornada 7,J7,,finished,10089858,Karlox F.C.,icons/7.png,284,91370000,-770000,2,3-5-2,51,1,1758878412,2025-09-26T09:20:12+00:00,True,440000,500000,233
8,4490,Jornada 7,J7,,finished,8127478,Arregui,https://lh3.googleusercontent.com/a/AItbvmlJOQCrYJFKsWPDYSjpqt1A7kAZJUhj-ZkmC-6Q=s300-c,354,102410000,-890000,3,3-4-3,31,5,1758895697,2025-09-26T14:08:17+00:00,True,780000,500000,323
8,4490,Jornada 7,J7,,finished,6822272,Ricardo J,,227,157450000,-1960000,4,4-3-3,41,2,1758866210,2025-09-26T05:56:50+00:00,True,520000,500000,186
8,4490,Jornada 7,J7,,finished,6826480,Víctor Orta,i/u/6826480.png,200,87480000,-350000,5,3-5-2,34,4,1758841575,2025-09-25T23:06:15+00:00,True,680000,500000,166
8,4490,Jornada 7,J7,,finished,5684093,CD Cornisa Azul,icons/42.png,233,78730000,-540000,6,4-5-1,22,7,1758866013,2025-09-26T05:53:33+00:00,True,1020000,500000,211
8,4490,Jornada 7,J7,,finished,11678835,Julia,https://graph.facebook.com/10218096465979952/picture?height=300&width=300,164,78670000,-620000,7,4-3-3,26,6,1758691880,2025-09-24T05:31:20+00:00,True,820000,500000,138
9,4491,Jornada 8,J8,,finished,8128710,Los vengadores,icons/11.png,365,138560000,-950000,1,3-5-2,50,1,1759515273,2025-10-03T18:14:33+00:00,True,540000,500000,315
9,4491,Jornada 8,J8,,finished,10089858,Karlox F.C.,icons/7.png,312,91370000,-770000,2,4-3-3,28,6,1759473043,2025-10-03T06:30:43+00:00,True,1000000,500000,284
9,4491,Jornada 8,J8,,finished,8127478,Arregui,https://lh3.googleusercontent.com/a/AItbvmlJOQCrYJFKsWPDYSjpqt1A7kAZJUhj-ZkmC-6Q=s300-c,404,102410000,-890000,3,3-4-3,50,2,1759211691,2025-09-30T05:54:51+00:00,True,560000,500000,354
9,4491,Jornada 8,J8,,finished,6822272,Ricardo J,,268,157450000,-1960000,4,4-3-3,41,4,1759469429,2025-10-03T05:30:29+00:00,True,820000,500000,227
9,4491,Jornada 8,J8,,finished,6826480,Víctor Orta,i/u/6826480.png,227,87480000,-350000,5,4-4-2,27,7,1759234674,2025-09-30T12:17:54+00:00,True,1000000,500000,200
9,4491,Jornada 8,J8,,finished,5684093,CD Cornisa Azul,icons/42.png,282,78730000,-540000,6,4-4-2,49,3,1759471137,2025-10-03T05:58:57+00:00,True,640000,500000,233
9,4491,Jornada 8,J8,,finished,11678835,Julia,https://graph.facebook.com/10218096465979952/picture?height=300&width=300,196,78670000,-620000,7,4-3-3,32,5,1759383125,2025-10-02T05:32:05+00:00,True,980000,500000,164
10,4492,Jornada 9,J9,,finished,8128710,Los vengadores,icons/11.png,404,138560000,-950000,1,3-4-3,39,4,1760726776,2025-10-17T18:46:16+00:00,True,780000,500000,365
10,4492,Jornada 9,J9,,finished,10089858,Karlox F.C.,icons/7.png,346,91370000,-770000,2,4-3-3,34,6,1760717060,2025-10-17T16:04:20+00:00,True,960000,500000,312
10,4492,Jornada 9,J9,,finished,8127478,Arregui,https://lh3.googleusercontent.com/a/AItbvmlJOQCrYJFKsWPDYSjpqt1A7kAZJUhj-ZkmC-6Q=s300-c,442,102410000,-890000,3,3-4-3,38,5,1760592179,2025-10-16T05:22:59+00:00,True,820000,500000,404
10,4492,Jornada 9,J9,,finished,6822272,Ricardo J,,316,157450000,-1960000,4,3-5-2,48,2,1760598880,2025-10-16T07:14:40+00:00,True,680000,500000,268
10,4492,Jornada 9,J9,,finished,6826480,Víctor Orta,i/u/6826480.png,268,87480000,-350000,5,4-3-3,41,3,1760685384,2025-10-17T07:16:24+00:00,True,760000,500000,227
10,4492,Jornada 9,J9,,finished,5684093,CD Cornisa Azul,icons/42.png,304,78730000,-540000,6,3-4-3,22,7,1760255307,2025-10-12T07:48:27+00:00,True,1120000,500000,282
10,4492,Jornada 9,J9,,finished,11678835,Julia,https://graph.facebook.com/10218096465979952/picture?height=300&width=300,252,78670000,-620000,7,4-3-3,56,1,1760419161,2025-10-14T05:19:21+00:00,True,440000,500000,196
11,4493,Jornada 10,J10,,finished,8128710,Los vengadores,icons/11.png,463,138560000,-950000,1,3-4-3,59,2,1761322119,2025-10-24T16:08:39+00:00,True,560000,500000,404
11,4493,Jornada 10,J10,,finished,10089858,Karlox F.C.,icons/7.png,374,91370000,-770000,2,4-3-3,28,6,1760908537,2025-10-19T21:15:37+00:00,True,1180000,500000,346
11,4493,Jornada 10,J10,,finished,8127478,Arregui,https://lh3.googleusercontent.com/a/AItbvmlJOQCrYJFKsWPDYSjpqt1A7kAZJUhj-ZkmC-6Q=s300-c,458,102410000,-890000,3,3-4-3,16,7,1761283963,2025-10-24T05:32:43+00:00,True,1240000,500000,442
11,4493,Jornada 10,J10,,finished,6822272,Ricardo J,,359,157450000,-1960000,4,4-5-1,43,3,1761287486,2025-10-24T06:31:26+00:00,True,600000,500000,316
11,4493,Jornada 10,J10,,finished,6826480,Víctor Orta,i/u/6826480.png,302,87480000,-350000,5,4-3-3,34,4,1760685384,2025-10-17T07:16:24+00:00,True,680000,500000,268
11,4493,Jornada 10,J10,,finished,5684093,CD Cornisa Azul,icons/42.png,334,78730000,-540000,6,3-4-3,30,5,1760255307,2025-10-12T07:48:27+00:00,True,860000,500000,304
11,4493,Jornada 10,J10,,finished,11678835,Julia,https://graph.facebook.com/10218096465979952/picture?height=300&width=300,314,78670000,-620000,7,4-3-3,62,1,1761112864,2025-10-22T06:01:04+00:00,True,320000,500000,252
12,4494,Jornada 11,J11,,finished,8128710,Los vengadores,icons/11.png,530,138560000,-950000,1,3-4-3,67,1,1761938736,2025-10-31T19:25:36+00:00,True,480000,500000,463
12,4494,Jornada 11,J11,,finished,10089858,Karlox F.C.,icons/7.png,441,91370000,-770000,2,3-4-3,67,2,1761892110,2025-10-31T06:28:30+00:00,True,680000,500000,374
12,4494,Jornada 11,J11,,finished,8127478,Arregui,https://lh3.googleusercontent.com/a/AItbvmlJOQCrYJFKsWPDYSjpqt1A7kAZJUhj-ZkmC-6Q=s300-c,507,102410000,-890000,3,4-4-2,49,3,1761899066,2025-10-31T08:24:26+00:00,True,720000,500000,458
12,4494,Jornada 11,J11,,finished,6822272,Ricardo J,,405,157450000,-1960000,4,4-5-1,46,4,1761894648,2025-10-31T07:10:48+00:00,True,920000,500000,359
12,4494,Jornada 11,J11,,finished,6826480,Víctor Orta,i/u/6826480.png,338,87480000,-350000,5,4-3-3,36,5,1761896681,2025-10-31T07:44:41+00:00,True,980000,500000,302
12,4494,Jornada 11,J11,,finished,5684093,CD Cornisa Azul,icons/42.png,358,78730000,-540000,6,4-4-2,24,7,1761939751,2025-10-31T19:42:31+00:00,True,1340000,500000,334
12,4494,Jornada 11,J11,,finished,11678835,Julia,https://graph.facebook.com/10218096465979952/picture?height=300&width=300,348,78670000,-620000,7,4-3-3,34,6,1761807704,2025-10-30T07:01:44+00:00,True,1340000,500000,314
13,4495,Jornada 12,J12,,finished,8128710,Los vengadores,icons/11.png,585,138560000,-950000,1,3-4-3,55,1,1762460920,2025-11-06T20:28:40+00:00,True,520000,500000,530
13,4495,Jornada 12,J12,,finished,10089858,Karlox F.C.,icons/7.png,482,91370000,-770000,2,3-4-3,41,3,1762241313,2025-11-04T07:28:33+00:00,True,780000,500000,441
13,4495,Jornada 12,J12,,finished,8127478,Arregui,https://lh3.googleusercontent.com/a/AItbvmlJOQCrYJFKsWPDYSjpqt1A7kAZJUhj-ZkmC-6Q=s300-c,547,102410000,-890000,3,4-5-1,40,4,1762503691,2025-11-07T08:21:31+00:00,True,800000,500000,507
13,4495,Jornada 12,J12,,finished,6822272,Ricardo J,,431,157450000,-1960000,4,3-4-3,26,7,1762542585,2025-11-07T19:09:45+00:00,True,1100000,500000,405
13,4495,Jornada 12,J12,,finished,6826480,Víctor Orta,i/u/6826480.png,377,87480000,-350000,5,4-3-3,39,5,1762503892,2025-11-07T08:24:52+00:00,True,820000,500000,338
13,4495,Jornada 12,J12,,finished,5684093,CD Cornisa Azul,icons/42.png,403,78730000,-540000,6,5-3-2,45,2,1762519798,2025-11-07T12:49:58+00:00,True,620000,500000,358
13,4495,Jornada 12,J12,,finished,11678835,Julia,https://graph.facebook.com/10218096465979952/picture?height=300&width=300,379,78670000,-620000,7,4-3-3,31,6,1762153202,2025-11-03T07:00:02+00:00,True,900000,500000,348
14,4496,Jornada 13,J13,,finished,8128710,Los vengadores,icons/11.png,646,138560000,-950000,1,3-4-3,61,1,1763754270,2025-11-21T19:44:30+00:00,True,480000,500000,585
14,4496,Jornada 13,J13,,finished,10089858,Karlox F.C.,icons/7.png,532,91370000,-770000,2,4-4-2,50,2,1763754208,2025-11-21T19:43:28+00:00,True,560000,500000,482
14,4496,Jornada 13,J13,,finished,8127478,Arregui,https://lh3.googleusercontent.com/a/AItbvmlJOQCrYJFKsWPDYSjpqt1A7kAZJUhj-ZkmC-6Q=s300-c,575,102410000,-890000,3,3-4-3,28,6,1763717549,2025-11-21T09:32:29+00:00,True,1000000,500000,547
14,4496,Jornada 13,J13,,finished,6822272,Ricardo J,,464,157450000,-1960000,4,3-4-3,33,5,1763625627,2025-11-20T08:00:27+00:00,True,940000,500000,431
14,4496,Jornada 13,J13,,finished,6826480,Víctor Orta,i/u/6826480.png,424,87480000,-350000,5,4-3-3,47,3,1763750464,2025-11-21T18:41:04+00:00,True,660000,500000,377
14,4496,Jornada 13,J13,,finished,5684093,CD Cornisa Azul,icons/42.png,427,78730000,-540000,6,5-3-2,24,7,1763734615,2025-11-21T14:16:55+00:00,True,1220000,500000,403
14,4496,Jornada 13,J13,,finished,11678835,Julia,https://graph.facebook.com/10218096465979952/picture?height=300&width=300,415,78670000,-620000,7,4-3-3,36,4,1762927989,2025-11-12T06:13:09+00:00,True,720000,500000,379
15,4497,Jornada 14,J14,,finished,8128710,Los vengadores,icons/11.png,688,138560000,-950000,1,4-3-3,42,3,1764318983,2025-11-28T08:36:23+00:00,True,720000,500000,646
15,4497,Jornada 14,J14,,finished,10089858,Karlox F.C.,icons/7.png,590,91370000,-770000,2,4-4-2,58,2,1764356764,2025-11-28T19:06:04+00:00,True,560000,500000,532
15,4497,Jornada 14,J14,,finished,8127478,Arregui,https://lh3.googleusercontent.com/a/AItbvmlJOQCrYJFKsWPDYSjpqt1A7kAZJUhj-ZkmC-6Q=s300-c,637,102410000,-890000,3,4-3-3,62,1,1764230923,2025-11-27T08:08:43+00:00,True,520000,500000,575
15,4497,Jornada 14,J14,,finished,6822272,Ricardo J,,500,157450000,-1960000,4,3-4-3,36,5,1764275161,2025-11-27T20:26:01+00:00,True,840000,500000,464
15,4497,Jornada 14,J14,,finished,6826480,Víctor Orta,i/u/6826480.png,464,87480000,-350000,5,4-3-3,40,4,1764355686,2025-11-28T18:48:06+00:00,True,800000,500000,424
15,4497,Jornada 14,J14,,finished,5684093,CD Cornisa Azul,icons/42.png,453,78730000,-540000,6,4-3-3,26,7,1764356497,2025-11-28T19:01:37+00:00,True,1240000,500000,427
15,4497,Jornada 14,J14,,finished,11678835,Julia,https://graph.facebook.com/10218096465979952/picture?height=300&width=300,443,78670000,-620000,7,4-3-3,28,6,1762927989,2025-11-12T06:13:09+00:00,True,1160000,500000,415
16,4502,Jornada 19,J19,,finished,8128710,Los vengadores,icons/11.png,733,138560000,-950000,1,3-4-3,45,6,1764698779,2025-12-02T18:06:19+00:00,True,480000,500000,688
16,4502,Jornada 19,J19,,finished,10089858,Karlox F.C.,icons/7.png,644,91370000,-770000,2,4-4-2,54,3,1764703475,2025-12-02T19:24:35+00:00,True,400000,500000,590
16,4502,Jornada 19,J19,,finished,8127478,Arregui,https://lh3.googleusercontent.com/a/AItbvmlJOQCrYJFKsWPDYSjpqt1A7kAZJUhj-ZkmC-6Q=s300-c,705,102410000,-890000,3,4-3-3,68,1,1764497038,2025-11-30T10:03:58+00:00,True,200000,500000,637
16,4502,Jornada 19,J19,,finished,6822272,Ricardo J,,546,157450000,-1960000,4,3-4-3,46,5,1764664723,2025-12-02T08:38:43+00:00,True,40000,500000,500
16,4502,Jornada 19,J19,,finished,6826480,Víctor Orta,i/u/6826480.png,503,87480000,-350000,5,4-3-3,39,7,1764355686,2025-11-28T18:48:06+00:00,True,680000,500000,464
16,4502,Jornada 19,J19,,finished,5684093,CD Cornisa Azul,icons/42.png,505,78730000,-540000,6,4-3-3,52,4,1764684376,2025-12-02T14:06:16+00:00,True,640000,500000,453
16,4502,Jornada 19,J19,,finished,11678835,Julia,https://graph.facebook.com/10218096465979952/picture?height=300&width=300,511,78670000,-620000,7,3-4-3,68,2,1764571813,2025-12-01T06:50:13+00:00,True,560000,500000,443
17,4498,Jornada 15,J15,,finished,8128710,Los vengadores,icons/11.png,756,138560000,-950000,1,4-4-2,23,6,1764963725,2025-12-05T19:42:05+00:00,True,800000,500000,733
17,4498,Jornada 15,J15,,finished,10089858,Karlox F.C.,icons/7.png,682,91370000,-770000,2,4-4-2,38,2,1764914904,2025-12-05T06:08:24+00:00,True,600000,500000,644
17,4498,Jornada 15,J15,,finished,8127478,Arregui,https://lh3.googleusercontent.com/a/AItbvmlJOQCrYJFKsWPDYSjpqt1A7kAZJUhj-ZkmC-6Q=s300-c,705,102410000,-890000,3,4-3-3,56,7,1764744410,2025-12-03T06:46:50+00:00,False,,,649
17,4498,Jornada 15,J15,,finished,6822272,Ricardo J,,578,157450000,-1960000,4,3-4-3,32,3,1764832036,2025-12-04T07:07:16+00:00,True,620000,500000,546
17,4498,Jornada 15,J15,,finished,6826480,Víctor Orta,i/u/6826480.png,543,87480000,-350000,5,4-3-3,40,1,1764956223,2025-12-05T17:37:03+00:00,True,460000,500000,503
17,4498,Jornada 15,J15,,finished,5684093,CD Cornisa Azul,icons/42.png,536,78730000,-540000,6,4-3-3,31,4,1764684376,2025-12-02T14:06:16+00:00,True,640000,500000,505
17,4498,Jornada 15,J15,,finished,11678835,Julia,https://graph.facebook.com/10218096465979952/picture?height=300&width=300,541,78670000,-620000,7,3-4-3,30,5,1764571813,2025-12-01T06:50:13+00:00,True,760000,500000,511
18,4499,Jornada 16,J16,,finished,8128710,Los vengadores,icons/11.png,793,138560000,-950000,1,4-3-3,37,4,1765569597,2025-12-12T19:59:57+00:00,True,740000,500000,756
18,4499,Jornada 16,J16,,finished,10089858,Karlox F.C.,icons/7.png,726,91370000,-770000,2,3-5-2,44,3,1765441293,2025-12-11T08:21:33+00:00,True,700000,500000,682
18,4499,Jornada 16,J16,,finished,8127478,Arregui,https://lh3.googleusercontent.com/a/AItbvmlJOQCrYJFKsWPDYSjpqt1A7kAZJUhj-ZkmC-6Q=s300-c,750,102410000,-890000,3,4-3-3,45,2,1765448250,2025-12-11T10:17:30+00:00,True,560000,500000,705
18,4499,Jornada 16,J16,,finished,6822272,Ricardo J,,608,157450000,-1960000,4,4-3-3,30,6,1765563673,2025-12-12T18:21:13+00:00,True,860000,500000,578
18,4499,Jornada 16,J16,,finished,6826480,Víctor Orta,i/u/6826480.png,603,87480000,-350000,5,4-3-3,60,1,1764956223,2025-12-05T17:37:03+00:00,True,400000,500000,543
18,4499,Jornada 16,J16,,finished,5684093,CD Cornisa Azul,icons/42.png,573,78730000,-540000,6,3-5-2,37,5,1765566222,2025-12-12T19:03:42+00:00,True,760000,500000,536
18,4499,Jornada 16,J16,,finished,11678835,Julia,https://graph.facebook.com/10218096465979952/picture?height=300&width=300,563,78670000,-620000,7,3-4-3,22,7,1764571813,2025-12-01T06:50:13+00:00,True,1160000,500000,541
19,4500,Jornada 17,J17,,finished,8128710,Los vengadores,icons/11.png,837,138560000,-950000,1,4-3-3,44,4,1766093944,2025-12-18T21:39:04+00:00,True,880000,500000,793
19,4500,Jornada 17,J17,,finished,10089858,Karlox F.C.,icons/7.png,770,91370000,-770000,2,3-5-2,44,5,1766036370,2025-12-18T05:39:30+00:00,True,940000,500000,726
19,4500,Jornada 17,J17,,finished,8127478,Arregui,https://lh3.googleusercontent.com/a/AItbvmlJOQCrYJFKsWPDYSjpqt1A7kAZJUhj-ZkmC-6Q=s300-c,808,102410000,-890000,3,4-3-3,58,1,1766130708,2025-12-19T07:51:48+00:00,True,740000,500000,750
19,4500,Jornada 17,J17,,finished,6822272,Ricardo J,,655,157450000,-1960000,4,4-3-3,47,3,1766164005,2025-12-19T17:06:45+00:00,True,880000,500000,608
19,4500,Jornada 17,J17,,finished,6826480,Víctor Orta,i/u/6826480.png,660,87480000,-350000,5,4-3-3,57,2,1766163593,2025-12-19T16:59:53+00:00,True,840000,500000,603
19,4500,Jornada 17,J17,,finished,5684093,CD Cornisa Azul,icons/42.png,615,78730000,-540000,6,3-4-3,42,6,1766075343,2025-12-18T16:29:03+00:00,True,1140000,500000,573
19,4500,Jornada 17,J17,,finished,11678835,Julia,https://graph.facebook.com/10218096465979952/picture?height=300&width=300,600,78670000,-620000,7,3-4-3,37,7,1764571813,2025-12-01T06:50:13+00:00,True,1160000,500000,563
20,4501,Jornada 18,J18,,finished,8128710,Los vengadores,icons/11.png,881,138560000,-950000,1,4-3-3,44,2,1767364407,2026-01-02T14:33:27+00:00,True,800000,500000,837
20,4501,Jornada 18,J18,,finished,10089858,Karlox F.C.,icons/7.png,812,91370000,-770000,2,4-4-2,42,5,1767383324,2026-01-02T19:48:44+00:00,True,860000,500000,770
20,4501,Jornada 18,J18,,finished,8127478,Arregui,https://lh3.googleusercontent.com/a/AItbvmlJOQCrYJFKsWPDYSjpqt1A7kAZJUhj-ZkmC-6Q=s300-c,838,102410000,-890000,3,4-3-3,30,7,1767047652,2025-12-29T22:34:12+00:00,True,1240000,500000,808
20,4501,Jornada 18,J18,,finished,6822272,Ricardo J,,717,157450000,-1960000,4,3-4-3,62,1,1767383810,2026-01-02T19:56:50+00:00,True,600000,500000,655
20,4501,Jornada 18,J18,,finished,6826480,Víctor Orta,i/u/6826480.png,703,87480000,-350000,5,4-3-3,43,3,1767378889,2026-01-02T18:34:49+00:00,True,840000,500000,660
20,4501,Jornada 18,J18,,finished,5684093,CD Cornisa Azul,icons/42.png,657,78730000,-540000,6,3-4-3,42,4,1767383862,2026-01-02T19:57:42+00:00,True,840000,500000,615
20,4501,Jornada 18,J18,,finished,11678835,Julia,https://graph.facebook.com/10218096465979952/picture?height=300&width=300,640,78670000,-620000,7,3-4-3,40,6,1766902286,2025-12-28T06:11:26+00:00,True,880000,500000,600
21,4787,Jornada 19 (aplazada),J19,2,finished,8128710,Los vengadores,icons/11.png,881,138560000,-950000,1,3-4-3,45,6,1764698779,2025-12-02T18:06:19+00:00,True,1360000,500000,836
21,4787,Jornada 19 (aplazada),J19,2,finished,10089858,Karlox F.C.,icons/7.png,812,91370000,-770000,2,4-4-2,54,3,1764703475,2025-12-02T19:24:35+00:00,True,920000,500000,758
21,4787,Jornada 19 (aplazada),J19,2,finished,8127478,Arregui,https://lh3.googleusercontent.com/a/AItbvmlJOQCrYJFKsWPDYSjpqt1A7kAZJUhj-ZkmC-6Q=s300-c,838,102410000,-890000,3,4-3-3,68,1,1764497038,2025-11-30T10:03:58+00:00,True,780000,500000,770
21,4787,Jornada 19 (aplazada),J19,2,finished,6822272,Ricardo J,,717,157450000,-1960000,4,3-4-3,46,5,1764664723,2025-12-02T08:38:43+00:00,True,1080000,500000,671
21,4787,Jornada 19 (aplazada),J19,2,finished,6826480,Víctor Orta,i/u/6826480.png,703,87480000,-350000,5,4-3-3,39,7,1764355686,2025-11-28T18:48:06+00:00,True,1360000,500000,664
21,4787,Jornada 19 (aplazada),J19,2,finished,5684093,CD Cornisa Azul,icons/42.png,657,78730000,-540000,6,4-3-3,52,4,1764684376,2025-12-02T14:06:16+00:00,True,1040000,500000,605
21,4787,Jornada 19 (aplazada),J19,2,finished,11678835,Julia,https://graph.facebook.com/10218096465979952/picture?height=300&width=300,640,78670000,-620000,7,3-4-3,68,2,1764571813,2025-12-01T06:50:13+00:00,True,900000,500000,572
22,4503,Jornada 20,J20,,finished,8128710,Los vengadores,icons/11.png,951,138560000,-950000,1,4-3-3,70,1,1768593477,2026-01-16T19:57:57+00:00,True,620000,500000,881
22,4503,Jornada 20,J20,,finished,10089858,Karlox F.C.,icons/7.png,843,91370000,-770000,2,3-4-3,31,7,1768549410,2026-01-16T07:43:30+00:00,True,1400000,500000,812
22,4503,Jornada 20,J20,,finished,8127478,Arregui,https://lh3.googleusercontent.com/a/AItbvmlJOQCrYJFKsWPDYSjpqt1A7kAZJUhj-ZkmC-6Q=s300-c,870,102410000,-890000,3,3-5-2,32,6,1768236392,2026-01-12T16:46:32+00:00,True,1100000,500000,838
22,4503,Jornada 20,J20,,finished,6822272,Ricardo J,,772,157450000,-1960000,4,3-4-3,55,2,1768589644,2026-01-16T18:54:04+00:00,True,640000,500000,717
22,4503,Jornada 20,J20,,finished,6826480,Víctor Orta,i/u/6826480.png,748,87480000,-350000,5,4-3-3,45,3,1768588318,2026-01-16T18:31:58+00:00,True,700000,500000,703
22,4503,Jornada 20,J20,,finished,5684093,CD Cornisa Azul,icons/42.png,692,78730000,-540000,6,3-4-3,35,5,1768321461,2026-01-13T16:24:21+00:00,True,900000,500000,657
22,4503,Jornada 20,J20,,finished,11678835,Julia,https://graph.facebook.com/10218096465979952/picture?height=300&width=300,682,78670000,-620000,7,3-4-3,42,4,1768575757,2026-01-16T15:02:37+00:00,True,840000,500000,640
23,4504,Jornada 21,J21,,finished,8128710,Los vengadores,icons/11.png,1033,138560000,-950000,1,3-4-3,82,1,1769172973,2026-01-23T12:56:13+00:00,True,400000,500000,951
23,4504,Jornada 21,J21,,finished,10089858,Karlox F.C.,icons/7.png,890,91370000,-770000,2,3-4-3,47,4,1768973911,2026-01-21T05:38:31+00:00,True,940000,500000,843
23,4504,Jornada 21,J21,,finished,8127478,Arregui,https://lh3.googleusercontent.com/a/AItbvmlJOQCrYJFKsWPDYSjpqt1A7kAZJUhj-ZkmC-6Q=s300-c,913,102410000,-890000,3,4-4-2,43,6,1769163772,2026-01-23T10:22:52+00:00,True,1160000,500000,870
23,4504,Jornada 21,J21,,finished,6822272,Ricardo J,,816,157450000,-1960000,4,3-4-3,44,5,1769191891,2026-01-23T18:11:31+00:00,True,980000,500000,772
23,4504,Jornada 21,J21,,finished,6826480,Víctor Orta,i/u/6826480.png,768,87480000,-350000,5,4-3-3,20,7,1769189516,2026-01-23T17:31:56+00:00,True,1640000,500000,748
23,4504,Jornada 21,J21,,finished,5684093,CD Cornisa Azul,icons/42.png,741,78730000,-540000,6,3-4-3,49,3,1768321461,2026-01-13T16:24:21+00:00,True,880000,500000,692
23,4504,Jornada 21,J21,,finished,11678835,Julia,https://graph.facebook.com/10218096465979952/picture?height=300&width=300,740,78670000,-620000,7,3-4-3,58,2,1768750580,2026-01-18T15:36:20+00:00,True,860000,500000,682
24,4505,Jornada 22,J22,,finished,8128710,Los vengadores,icons/11.png,1100,138560000,-950000,1,3-4-3,67,1,1769789779,2026-01-30T16:16:19+00:00,True,680000,500000,1033
24,4505,Jornada 22,J22,,finished,10089858,Karlox F.C.,icons/7.png,939,91370000,-770000,2,3-4-3,49,3,1768973911,2026-01-21T05:38:31+00:00,True,900000,500000,890
24,4505,Jornada 22,J22,,finished,8127478,Arregui,https://lh3.googleusercontent.com/a/AItbvmlJOQCrYJFKsWPDYSjpqt1A7kAZJUhj-ZkmC-6Q=s300-c,947,102410000,-890000,3,4-4-2,34,7,1769722966,2026-01-29T21:42:46+00:00,True,1340000,500000,913
24,4505,Jornada 22,J22,,finished,6822272,Ricardo J,,864,157450000,-1960000,4,3-5-2,48,4,1769765827,2026-01-30T09:37:07+00:00,True,960000,500000,816
24,4505,Jornada 22,J22,,finished,6826480,Víctor Orta,i/u/6826480.png,822,87480000,-350000,5,4-3-3,54,2,1769734488,2026-01-30T00:54:48+00:00,True,760000,500000,768
24,4505,Jornada 22,J22,,finished,5684093,CD Cornisa Azul,icons/42.png,779,78730000,-540000,6,3-4-3,38,6,1769331102,2026-01-25T08:51:42+00:00,True,1080000,500000,741
24,4505,Jornada 22,J22,,finished,11678835,Julia,https://graph.facebook.com/10218096465979952/picture?height=300&width=300,785,78670000,-620000,7,3-4-3,45,5,1769670400,2026-01-29T07:06:40+00:00,True,980000,500000,740
25,4506,Jornada 23,J23,,finished,8128710,Los vengadores,icons/11.png,1164,138560000,-950000,1,3-4-3,64,2,1770400877,2026-02-06T18:01:17+00:00,True,540000,500000,1100
25,4506,Jornada 23,J23,,finished,10089858,Karlox F.C.,icons/7.png,1005,91370000,-770000,2,4-3-3,66,1,1770353111,2026-02-06T04:45:11+00:00,True,480000,500000,939
25,4506,Jornada 23,J23,,finished,8127478,Arregui,https://lh3.googleusercontent.com/a/AItbvmlJOQCrYJFKsWPDYSjpqt1A7kAZJUhj-ZkmC-6Q=s300-c,1006,102410000,-890000,3,4-5-1,59,3,1770388458,2026-02-06T14:34:18+00:00,True,620000,500000,947
25,4506,Jornada 23,J23,,finished,6822272,Ricardo J,,905,157450000,-1960000,4,3-5-2,41,5,1769955684,2026-02-01T14:21:24+00:00,True,820000,500000,864
25,4506,Jornada 23,J23,,finished,6826480,Víctor Orta,i/u/6826480.png,849,87480000,-350000,5,4-3-3,27,7,1770394982,2026-02-06T16:23:02+00:00,True,1280000,500000,822
25,4506,Jornada 23,J23,,finished,5684093,CD Cornisa Azul,icons/42.png,811,78730000,-540000,6,3-4-3,32,6,1770360741,2026-02-06T06:52:21+00:00,True,1320000,500000,779
25,4506,Jornada 23,J23,,finished,11678835,Julia,https://graph.facebook.com/10218096465979952/picture?height=300&width=300,829,78670000,-620000,7,3-4-3,44,4,1770362119,2026-02-06T07:15:19+00:00,True,1180000,500000,785
26,4507,Jornada 24,J24,,finished,8128710,Los vengadores,icons/11.png,1176,138560000,-950000,1,3-4-3,12,7,1770971182,2026-02-13T08:26:22+00:00,True,1040000,500000,1164
26,4507,Jornada 24,J24,,finished,10089858,Karlox F.C.,icons/7.png,1057,91370000,-770000,2,4-4-2,52,1,1771009953,2026-02-13T19:12:33+00:00,True,240000,500000,1005
26,4507,Jornada 24,J24,,finished,8127478,Arregui,https://lh3.googleusercontent.com/a/AItbvmlJOQCrYJFKsWPDYSjpqt1A7kAZJUhj-ZkmC-6Q=s300-c,1055,102410000,-890000,3,4-4-2,49,2,1770973687,2026-02-13T09:08:07+00:00,True,740000,500000,1006
26,4507,Jornada 24,J24,,finished,6822272,Ricardo J,,942,157450000,-1960000,4,3-5-2,37,6,1771011536,2026-02-13T19:38:56+00:00,True,980000,500000,905
26,4507,Jornada 24,J24,,finished,6826480,Víctor Orta,i/u/6826480.png,892,87480000,-350000,5,3-4-3,43,4,1770883383,2026-02-12T08:03:03+00:00,True,860000,500000,849
26,4507,Jornada 24,J24,,finished,5684093,CD Cornisa Azul,icons/42.png,857,78730000,-540000,6,3-4-3,46,3,1770989588,2026-02-13T13:33:08+00:00,True,840000,500000,811
26,4507,Jornada 24,J24,,finished,11678835,Julia,https://graph.facebook.com/10218096465979952/picture?height=300&width=300,871,78670000,-620000,7,3-4-3,42,5,1770793432,2026-02-11T07:03:52+00:00,True,920000,500000,829
27,4801,Jornada 16 (aplazada),J16,2,finished,8128710,Los vengadores,icons/11.png,1176,138560000,-950000,1,4-3-3,37,4,1765569597,2025-12-12T19:59:57+00:00,True,740000,500000,1139
27,4801,Jornada 16 (aplazada),J16,2,finished,10089858,Karlox F.C.,icons/7.png,1057,91370000,-770000,2,3-5-2,44,3,1765441293,2025-12-11T08:21:33+00:00,True,740000,500000,1013
27,4801,Jornada 16 (aplazada),J16,2,finished,8127478,Arregui,https://lh3.googleusercontent.com/a/AItbvmlJOQCrYJFKsWPDYSjpqt1A7kAZJUhj-ZkmC-6Q=s300-c,1055,102410000,-890000,3,4-3-3,45,2,1765448250,2025-12-11T10:17:30+00:00,True,600000,500000,1010
27,4801,Jornada 16 (aplazada),J16,2,finished,6822272,Ricardo J,,942,157450000,-1960000,4,4-3-3,30,6,1765563673,2025-12-12T18:21:13+00:00,True,900000,500000,912
27,4801,Jornada 16 (aplazada),J16,2,finished,6826480,Víctor Orta,i/u/6826480.png,892,87480000,-350000,5,4-3-3,60,1,1764956223,2025-12-05T17:37:03+00:00,True,440000,500000,832
27,4801,Jornada 16 (aplazada),J16,2,finished,5684093,CD Cornisa Azul,icons/42.png,857,78730000,-540000,6,3-5-2,37,5,1765566222,2025-12-12T19:03:42+00:00,True,880000,500000,820
27,4801,Jornada 16 (aplazada),J16,2,finished,11678835,Julia,https://graph.facebook.com/10218096465979952/picture?height=300&width=300,871,78670000,-620000,7,3-4-3,22,7,1764571813,2025-12-01T06:50:13+00:00,True,1200000,500000,849
28,4508,Jornada 25,J25,,finished,8128710,Los vengadores,icons/11.png,1226,138560000,-950000,1,3-4-3,50,2,1771605633,2026-02-20T16:40:33+00:00,True,640000,500000,1176
28,4508,Jornada 25,J25,,finished,10089858,Karlox F.C.,icons/7.png,1106,91370000,-770000,2,4-3-3,49,4,1771609804,2026-02-20T17:50:04+00:00,True,980000,500000,1057
28,4508,Jornada 25,J25,,finished,8127478,Arregui,https://lh3.googleusercontent.com/a/AItbvmlJOQCrYJFKsWPDYSjpqt1A7kAZJUhj-ZkmC-6Q=s300-c,1087,102410000,-890000,3,3-4-3,32,6,1771605074,2026-02-20T16:31:14+00:00,True,1000000,500000,1055
28,4508,Jornada 25,J25,,finished,6822272,Ricardo J,,991,157450000,-1960000,4,3-5-2,49,3,1771571122,2026-02-20T07:05:22+00:00,True,860000,500000,942
28,4508,Jornada 25,J25,,finished,6826480,Víctor Orta,i/u/6826480.png,935,87480000,-350000,5,3-4-3,43,5,1771601404,2026-02-20T15:30:04+00:00,True,980000,500000,892
28,4508,Jornada 25,J25,,finished,5684093,CD Cornisa Azul,icons/42.png,913,78730000,-540000,6,3-4-3,56,1,1771604202,2026-02-20T16:16:42+00:00,True,420000,500000,857
28,4508,Jornada 25,J25,,finished,11678835,Julia,https://graph.facebook.com/10218096465979952/picture?height=300&width=300,892,78670000,-620000,7,3-4-3,21,7,1771186307,2026-02-15T20:11:47+00:00,True,1120000,500000,871
29,4509,Jornada 26,J26,,finished,8128710,Los vengadores,icons/11.png,1289,138560000,-950000,1,3-4-3,63,1,1772194828,2026-02-27T12:20:28+00:00,True,500000,500000,1226
29,4509,Jornada 26,J26,,finished,10089858,Karlox F.C.,icons/7.png,1158,91370000,-770000,2,4-4-2,52,2,1772219260,2026-02-27T19:07:40+00:00,True,560000,500000,1106
29,4509,Jornada 26,J26,,finished,8127478,Arregui,https://lh3.googleusercontent.com/a/AItbvmlJOQCrYJFKsWPDYSjpqt1A7kAZJUhj-ZkmC-6Q=s300-c,1112,102410000,-890000,3,3-4-3,25,7,1771605074,2026-02-20T16:31:14+00:00,True,1260000,500000,1087
29,4509,Jornada 26,J26,,finished,6822272,Ricardo J,,1019,157450000,-1960000,4,3-5-2,28,6,1772139106,2026-02-26T20:51:46+00:00,True,1040000,500000,991
29,4509,Jornada 26,J26,,finished,6826480,Víctor Orta,i/u/6826480.png,969,87480000,-350000,5,3-4-3,34,5,1772220498,2026-02-27T19:28:18+00:00,True,820000,500000,935
29,4509,Jornada 26,J26,,finished,5684093,CD Cornisa Azul,icons/42.png,951,78730000,-540000,6,3-4-3,38,4,1772217058,2026-02-27T18:30:58+00:00,True,760000,500000,913
29,4509,Jornada 26,J26,,finished,11678835,Julia,https://graph.facebook.com/10218096465979952/picture?height=300&width=300,933,78670000,-620000,7,3-4-3,41,3,1771186307,2026-02-15T20:11:47+00:00,True,680000,500000,892
30,4832,Jornada 23 (aplazada),J23,2,finished,8128710,Los vengadores,icons/11.png,1289,138560000,-950000,1,3-4-3,64,2,1770400877,2026-02-06T18:01:17+00:00,True,640000,500000,1225
30,4832,Jornada 23 (aplazada),J23,2,finished,10089858,Karlox F.C.,icons/7.png,1158,91370000,-770000,2,4-3-3,66,1,1770353111,2026-02-06T04:45:11+00:00,True,540000,500000,1092
30,4832,Jornada 23 (aplazada),J23,2,finished,8127478,Arregui,https://lh3.googleusercontent.com/a/AItbvmlJOQCrYJFKsWPDYSjpqt1A7kAZJUhj-ZkmC-6Q=s300-c,1112,102410000,-890000,3,4-5-1,59,3,1770388458,2026-02-06T14:34:18+00:00,True,820000,500000,1053
30,4832,Jornada 23 (aplazada),J23,2,finished,6822272,Ricardo J,,1019,157450000,-1960000,4,3-5-2,41,5,1769955684,2026-02-01T14:21:24+00:00,True,1180000,500000,978
30,4832,Jornada 23 (aplazada),J23,2,finished,6826480,Víctor Orta,i/u/6826480.png,969,87480000,-350000,5,4-3-3,27,7,1770394982,2026-02-06T16:23:02+00:00,True,1320000,500000,942
30,4832,Jornada 23 (aplazada),J23,2,finished,5684093,CD Cornisa Azul,icons/42.png,951,78730000,-540000,6,3-4-3,32,6,1770360741,2026-02-06T06:52:21+00:00,True,1280000,500000,919
30,4832,Jornada 23 (aplazada),J23,2,finished,11678835,Julia,https://graph.facebook.com/10218096465979952/picture?height=300&width=300,933,78670000,-620000,7,3-4-3,44,4,1770362119,2026-02-06T07:15:19+00:00,True,880000,500000,889
31,4510,Jornada 27,J27,,finished,8128710,Los vengadores,icons/11.png,1333,138560000,-950000,1,3-4-3,44,5,1772802742,2026-03-06T13:12:22+00:00,True,960000,500000,1289
31,4510,Jornada 27,J27,,finished,10089858,Karlox F.C.,icons/7.png,1204,91370000,-770000,2,4-4-2,46,4,1772219260,2026-02-27T19:07:40+00:00,True,920000,500000,1158
31,4510,Jornada 27,J27,,finished,8127478,Arregui,https://lh3.googleusercontent.com/a/AItbvmlJOQCrYJFKsWPDYSjpqt1A7kAZJUhj-ZkmC-6Q=s300-c,1138,102410000,-890000,3,3-4-3,26,7,1772704357,2026-03-05T09:52:37+00:00,True,980000,500000,1112
31,4510,Jornada 27,J27,,finished,6822272,Ricardo J,,1067,157450000,-1960000,4,3-5-2,48,2,1772824901,2026-03-06T19:21:41+00:00,True,840000,500000,1019
31,4510,Jornada 27,J27,,finished,6826480,Víctor Orta,i/u/6826480.png,1011,87480000,-350000,5,3-4-3,42,6,1772784993,2026-03-06T08:16:33+00:00,True,960000,500000,969
31,4510,Jornada 27,J27,,finished,5684093,CD Cornisa Azul,icons/42.png,999,78730000,-540000,6,3-4-3,48,3,1772355930,2026-03-01T09:05:30+00:00,True,880000,500000,951
31,4510,Jornada 27,J27,,finished,11678835,Julia,https://graph.facebook.com/10218096465979952/picture?height=300&width=300,982,78670000,-620000,7,4-3-3,49,1,1772804256,2026-03-06T13:37:36+00:00,True,520000,500000,933
32,4511,Jornada 28,J28,,finished,8128710,Los vengadores,icons/11.png,1384,138560000,-950000,1,3-4-3,51,3,1773146721,2026-03-10T12:45:21+00:00,True,960000,500000,1333
32,4511,Jornada 28,J28,,finished,10089858,Karlox F.C.,icons/7.png,1254,91370000,-770000,2,3-4-3,50,4,1773121008,2026-03-10T05:36:48+00:00,True,1000000,500000,1204
32,4511,Jornada 28,J28,,finished,8127478,Arregui,https://lh3.googleusercontent.com/a/AItbvmlJOQCrYJFKsWPDYSjpqt1A7kAZJUhj-ZkmC-6Q=s300-c,1197,102410000,-890000,3,3-4-3,59,1,1773088541,2026-03-09T20:35:41+00:00,True,680000,500000,1138
32,4511,Jornada 28,J28,,finished,6822272,Ricardo J,,1122,157450000,-1960000,4,3-5-2,55,2,1773430335,2026-03-13T19:32:15+00:00,True,720000,500000,1067
32,4511,Jornada 28,J28,,finished,6826480,Víctor Orta,i/u/6826480.png,1059,87480000,-350000,5,3-5-2,48,5,1773423033,2026-03-13T17:30:33+00:00,True,1020000,500000,1011
32,4511,Jornada 28,J28,,finished,5684093,CD Cornisa Azul,icons/42.png,1033,78730000,-540000,6,4-3-3,34,7,1773414304,2026-03-13T15:05:04+00:00,True,1180000,500000,999
32,4511,Jornada 28,J28,,finished,11678835,Julia,https://graph.facebook.com/10218096465979952/picture?height=300&width=300,1018,78670000,-620000,7,4-3-3,36,6,1772804256,2026-03-06T13:37:36+00:00,True,1100000,500000,982
33,4512,Jornada 29,J29,,finished,8128710,Los vengadores,icons/11.png,1424,138560000,-950000,1,3-4-3,40,6,1774036144,2026-03-20T19:49:04+00:00,True,1220000,500000,1384
33,4512,Jornada 29,J29,,finished,10089858,Karlox F.C.,icons/7.png,1309,91370000,-770000,2,3-4-3,55,3,1773903688,2026-03-19T07:01:28+00:00,True,1060000,500000,1254
33,4512,Jornada 29,J29,,finished,8127478,Arregui,https://lh3.googleusercontent.com/a/AItbvmlJOQCrYJFKsWPDYSjpqt1A7kAZJUhj-ZkmC-6Q=s300-c,1258,102410000,-890000,3,3-4-3,61,2,1774030051,2026-03-20T18:07:31+00:00,True,800000,500000,1197
33,4512,Jornada 29,J29,,finished,6822272,Ricardo J,,1184,157450000,-1960000,4,3-4-3,62,1,1774035669,2026-03-20T19:41:09+00:00,True,540000,500000,1122
33,4512,Jornada 29,J29,,finished,6826480,Víctor Orta,i/u/6826480.png,1086,87480000,-350000,5,4-3-3,27,7,1773996391,2026-03-20T08:46:31+00:00,True,1240000,500000,1059
33,4512,Jornada 29,J29,,finished,5684093,CD Cornisa Azul,icons/42.png,1086,78730000,-540000,6,4-3-3,53,5,1773610686,2026-03-15T21:38:06+00:00,True,1100000,500000,1033
33,4512,Jornada 29,J29,,finished,11678835,Julia,https://graph.facebook.com/10218096465979952/picture?height=300&width=300,1072,78670000,-620000,7,4-3-3,54,4,1773700523,2026-03-16T22:35:23+00:00,True,1080000,500000,1018
34,4513,Jornada 30,J30,,finished,8128710,Los vengadores,icons/11.png,1462,138560000,-950000,1,3-4-3,38,6,1774891300,2026-03-30T17:21:40+00:00,True,1020000,500000,1424
34,4513,Jornada 30,J30,,finished,10089858,Karlox F.C.,icons/7.png,1348,91370000,-770000,2,3-4-3,39,5,1775113154,2026-04-02T06:59:14+00:00,True,980000,500000,1309
34,4513,Jornada 30,J30,,finished,8127478,Arregui,https://lh3.googleusercontent.com/a/AItbvmlJOQCrYJFKsWPDYSjpqt1A7kAZJUhj-ZkmC-6Q=s300-c,1316,102410000,-890000,3,3-5-2,58,1,1774771208,2026-03-29T08:00:08+00:00,True,760000,500000,1258
34,4513,Jornada 30,J30,,finished,6822272,Ricardo J,,1222,157450000,-1960000,4,3-4-3,38,7,1774271872,2026-03-23T13:17:52+00:00,True,1160000,500000,1184
34,4513,Jornada 30,J30,,finished,6826480,Víctor Orta,i/u/6826480.png,1137,87480000,-350000,5,3-4-3,51,2,1775242000,2026-04-03T18:46:40+00:00,True,760000,500000,1086
34,4513,Jornada 30,J30,,finished,5684093,CD Cornisa Azul,icons/42.png,1135,78730000,-540000,6,4-3-3,49,3,1774999830,2026-03-31T23:30:30+00:00,True,780000,500000,1086
34,4513,Jornada 30,J30,,finished,11678835,Julia,https://graph.facebook.com/10218096465979952/picture?height=300&width=300,1117,78670000,-620000,7,4-3-3,45,4,1773700523,2026-03-16T22:35:23+00:00,True,900000,500000,1072
35,4514,Jornada 31,J31,,finished,8128710,Los vengadores,icons/11.png,1523,138560000,-950000,1,3-4-3,61,2,1775847577,2026-04-10T18:59:37+00:00,True,760000,500000,1462
35,4514,Jornada 31,J31,,finished,10089858,Karlox F.C.,icons/7.png,1386,91370000,-770000,2,3-4-3,38,6,1775796453,2026-04-10T04:47:33+00:00,True,1220000,500000,1348
35,4514,Jornada 31,J31,,finished,8127478,Arregui,https://lh3.googleusercontent.com/a/AItbvmlJOQCrYJFKsWPDYSjpqt1A7kAZJUhj-ZkmC-6Q=s300-c,1344,102410000,-890000,3,3-5-2,28,7,1775841873,2026-04-10T17:24:33+00:00,True,1280000,500000,1316
35,4514,Jornada 31,J31,,finished,6822272,Ricardo J,,1275,157450000,-1960000,4,3-5-2,53,3,1775845235,2026-04-10T18:20:35+00:00,True,820000,500000,1222
35,4514,Jornada 31,J31,,finished,6826480,Víctor Orta,i/u/6826480.png,1180,87480000,-350000,5,3-4-3,43,4,1775778563,2026-04-09T23:49:23+00:00,True,860000,500000,1137
35,4514,Jornada 31,J31,,finished,5684093,CD Cornisa Azul,icons/42.png,1199,78730000,-540000,6,3-4-3,64,1,1775455442,2026-04-06T06:04:02+00:00,True,560000,500000,1135
35,4514,Jornada 31,J31,,finished,11678835,Julia,https://graph.facebook.com/10218096465979952/picture?height=300&width=300,1158,78670000,-620000,7,4-3-3,41,5,1775627462,2026-04-08T05:51:02+00:00,True,1060000,500000,1117
36,4516,Jornada 33,J33,,finished,8128710,Los vengadores,icons/11.png,1569,138560000,-950000,1,3-4-3,46,4,1776759800,2026-04-21T08:23:20+00:00,True,980000,500000,1523
36,4516,Jornada 33,J33,,finished,10089858,Karlox F.C.,icons/7.png,1426,91370000,-770000,2,3-4-3,40,6,1775796453,2026-04-10T04:47:33+00:00,True,1160000,500000,1386
36,4516,Jornada 33,J33,,finished,8127478,Arregui,https://lh3.googleusercontent.com/a/AItbvmlJOQCrYJFKsWPDYSjpqt1A7kAZJUhj-ZkmC-6Q=s300-c,1394,102410000,-890000,3,3-5-2,50,2,1776673735,2026-04-20T08:28:55+00:00,True,860000,500000,1344
36,4516,Jornada 33,J33,,finished,6822272,Ricardo J,,1275,157450000,-1960000,4,3-4-3,55,7,1776409081,2026-04-17T06:58:01+00:00,False,,,1220
36,4516,Jornada 33,J33,,finished,6826480,Víctor Orta,i/u/6826480.png,1223,87480000,-350000,5,3-4-3,43,5,1776697351,2026-04-20T15:02:31+00:00,True,1000000,500000,1180
36,4516,Jornada 33,J33,,finished,5684093,CD Cornisa Azul,icons/42.png,1257,78730000,-540000,6,3-4-3,58,1,1776777072,2026-04-21T13:11:12+00:00,True,800000,500000,1199
36,4516,Jornada 33,J33,,finished,11678835,Julia,https://graph.facebook.com/10218096465979952/picture?height=300&width=300,1207,78670000,-620000,7,4-3-3,49,3,1775627462,2026-04-08T05:51:02+00:00,True,920000,500000,1158
37,4515,Jornada 32,J32,,finished,8128710,Los vengadores,icons/11.png,1623,138560000,-950000,1,3-4-3,54,4,1777055601,2026-04-24T18:33:21+00:00,True,1080000,500000,1569
37,4515,Jornada 32,J32,,finished,10089858,Karlox F.C.,icons/7.png,1464,91370000,-770000,2,3-4-3,38,7,1775796453,2026-04-10T04:47:33+00:00,True,1160000,500000,1426
37,4515,Jornada 32,J32,,finished,8127478,Arregui,https://lh3.googleusercontent.com/a/AItbvmlJOQCrYJFKsWPDYSjpqt1A7kAZJUhj-ZkmC-6Q=s300-c,1452,102410000,-890000,3,3-5-2,58,1,1777055323,2026-04-24T18:28:43+00:00,True,760000,500000,1394
37,4515,Jornada 32,J32,,finished,6822272,Ricardo J,,1330,157450000,-1960000,4,3-4-3,55,3,1777053944,2026-04-24T18:05:44+00:00,True,980000,500000,1275
37,4515,Jornada 32,J32,,finished,6826480,Víctor Orta,i/u/6826480.png,1280,87480000,-350000,5,3-4-3,57,2,1777054054,2026-04-24T18:07:34+00:00,True,820000,500000,1223
37,4515,Jornada 32,J32,,finished,5684093,CD Cornisa Azul,icons/42.png,1298,78730000,-540000,6,3-4-3,41,6,1777056168,2026-04-24T18:42:48+00:00,True,1140000,500000,1257
37,4515,Jornada 32,J32,,finished,11678835,Julia,https://graph.facebook.com/10218096465979952/picture?height=300&width=300,1256,78670000,-620000,7,4-3-3,49,5,1777054245,2026-04-24T18:10:45+00:00,True,1100000,500000,1207
38,4517,Jornada 34,J34,,finished,8128710,Los vengadores,icons/11.png,1659,138560000,-950000,1,4-5-1,36,6,1777651080,2026-05-01T15:58:00+00:00,True,1120000,500000,1623
38,4517,Jornada 34,J34,,finished,10089858,Karlox F.C.,icons/7.png,1537,91370000,-770000,2,3-4-3,73,1,1777622769,2026-05-01T08:06:09+00:00,True,680000,500000,1464
38,4517,Jornada 34,J34,,finished,8127478,Arregui,https://lh3.googleusercontent.com/a/AItbvmlJOQCrYJFKsWPDYSjpqt1A7kAZJUhj-ZkmC-6Q=s300-c,1506,102410000,-890000,3,3-4-3,54,3,1777446097,2026-04-29T07:01:37+00:00,True,940000,500000,1452
38,4517,Jornada 34,J34,,finished,6822272,Ricardo J,,1383,157450000,-1960000,4,3-4-3,53,4,1777474419,2026-04-29T14:53:39+00:00,True,1060000,500000,1330
38,4517,Jornada 34,J34,,finished,6826480,Víctor Orta,i/u/6826480.png,1327,87480000,-350000,5,3-4-3,47,5,1777651041,2026-05-01T15:57:21+00:00,True,1080000,500000,1280
38,4517,Jornada 34,J34,,finished,5684093,CD Cornisa Azul,icons/42.png,1354,78730000,-540000,6,3-4-3,56,2,1777056168,2026-04-24T18:42:48+00:00,True,720000,500000,1298
38,4517,Jornada 34,J34,,finished,11678835,Julia,https://graph.facebook.com/10218096465979952/picture?height=300&width=300,1290,78670000,-620000,7,4-3-3,34,7,1777054245,2026-04-24T18:10:45+00:00,True,1460000,500000,1256
39,4518,Jornada 35,J35,,finished,8128710,Los vengadores,icons/11.png,1689,138560000,-950000,1,3-5-2,30,7,1778266727,2026-05-08T18:58:47+00:00,True,1060000,500000,1659
39,4518,Jornada 35,J35,,finished,10089858,Karlox F.C.,icons/7.png,1590,91370000,-770000,2,3-4-3,53,1,1778237250,2026-05-08T10:47:30+00:00,True,600000,500000,1537
39,4518,Jornada 35,J35,,finished,8127478,Arregui,https://lh3.googleusercontent.com/a/AItbvmlJOQCrYJFKsWPDYSjpqt1A7kAZJUhj-ZkmC-6Q=s300-c,1548,102410000,-890000,3,3-4-3,42,5,1778225687,2026-05-08T07:34:47+00:00,True,1000000,500000,1506
39,4518,Jornada 35,J35,,finished,6822272,Ricardo J,,1434,157450000,-1960000,4,3-4-3,51,2,1778263002,2026-05-08T17:56:42+00:00,True,620000,500000,1383
39,4518,Jornada 35,J35,,finished,6826480,Víctor Orta,i/u/6826480.png,1377,87480000,-350000,5,3-4-3,50,3,1778264738,2026-05-08T18:25:38+00:00,True,840000,500000,1327
39,4518,Jornada 35,J35,,finished,5684093,CD Cornisa Azul,icons/42.png,1385,78730000,-540000,6,3-4-3,31,6,1778212872,2026-05-08T04:01:12+00:00,True,1020000,500000,1354
39,4518,Jornada 35,J35,,finished,11678835,Julia,https://graph.facebook.com/10218096465979952/picture?height=300&width=300,1338,78670000,-620000,7,4-3-3,48,4,1777054245,2026-04-24T18:10:45+00:00,True,960000,500000,1290
40,4519,Jornada 36,J36,,finished,8128710,Los vengadores,icons/11.png,1729,138560000,-950000,1,3-4-3,40,5,1778604763,2026-05-12T16:52:43+00:00,True,960000,500000,1689
40,4519,Jornada 36,J36,,finished,10089858,Karlox F.C.,icons/7.png,1642,91370000,-770000,2,3-4-3,52,1,1778237250,2026-05-08T10:47:30+00:00,True,520000,500000,1590
40,4519,Jornada 36,J36,,finished,8127478,Arregui,https://lh3.googleusercontent.com/a/AItbvmlJOQCrYJFKsWPDYSjpqt1A7kAZJUhj-ZkmC-6Q=s300-c,1596,102410000,-890000,3,3-4-3,48,3,1778225687,2026-05-08T07:34:47+00:00,True,800000,500000,1548
40,4519,Jornada 36,J36,,finished,6822272,Ricardo J,,1465,157450000,-1960000,4,3-4-3,31,6,1778263002,2026-05-08T17:56:42+00:00,True,980000,500000,1434
40,4519,Jornada 36,J36,,finished,6826480,Víctor Orta,i/u/6826480.png,1403,87480000,-350000,5,3-4-3,26,7,1778264738,2026-05-08T18:25:38+00:00,True,1040000,500000,1377
40,4519,Jornada 36,J36,,finished,5684093,CD Cornisa Azul,icons/42.png,1428,78730000,-540000,6,3-4-3,43,4,1778601949,2026-05-12T16:05:49+00:00,True,860000,500000,1385
40,4519,Jornada 36,J36,,finished,11678835,Julia,https://graph.facebook.com/10218096465979952/picture?height=300&width=300,1387,78670000,-620000,7,4-3-3,49,2,1777054245,2026-04-24T18:10:45+00:00,True,620000,500000,1338
41,4520,Jornada 37,J37,,finished,8128710,Los vengadores,icons/11.png,1778,138560000,-950000,1,3-4-3,49,3,1779034158,2026-05-17T16:09:18+00:00,True,860000,500000,1729
41,4520,Jornada 37,J37,,finished,10089858,Karlox F.C.,icons/7.png,1677,91370000,-770000,2,3-4-3,35,6,1778237250,2026-05-08T10:47:30+00:00,True,1140000,500000,1642
41,4520,Jornada 37,J37,,finished,8127478,Arregui,https://lh3.googleusercontent.com/a/AItbvmlJOQCrYJFKsWPDYSjpqt1A7kAZJUhj-ZkmC-6Q=s300-c,1639,102410000,-890000,3,3-4-3,43,5,1779001310,2026-05-17T07:01:50+00:00,True,980000,500000,1596
41,4520,Jornada 37,J37,,finished,6822272,Ricardo J,,1522,157450000,-1960000,4,3-5-2,57,2,1779035888,2026-05-17T16:38:08+00:00,True,700000,500000,1465
41,4520,Jornada 37,J37,,finished,6826480,Víctor Orta,i/u/6826480.png,1471,87480000,-350000,5,3-4-3,68,1,1778889485,2026-05-15T23:58:05+00:00,True,400000,500000,1403
41,4520,Jornada 37,J37,,finished,5684093,CD Cornisa Azul,icons/42.png,1448,78730000,-540000,6,3-4-3,20,7,1778795603,2026-05-14T21:53:23+00:00,True,1360000,500000,1428
41,4520,Jornada 37,J37,,finished,11678835,Julia,https://graph.facebook.com/10218096465979952/picture?height=300&width=300,1436,78670000,-620000,7,4-3-3,49,4,1777054245,2026-04-24T18:10:45+00:00,True,980000,500000,1387
42,4521,Jornada 38,J38,,finished,8128710,Los vengadores,icons/11.png,1811,138560000,-950000,1,4-3-3,33,6,1779562178,2026-05-23T18:49:38+00:00,True,1060000,500000,1778
42,4521,Jornada 38,J38,,finished,10089858,Karlox F.C.,icons/7.png,1710,91370000,-770000,2,3-5-2,33,7,1779559817,2026-05-23T18:10:17+00:00,True,1100000,500000,1677
42,4521,Jornada 38,J38,,finished,8127478,Arregui,https://lh3.googleusercontent.com/a/AItbvmlJOQCrYJFKsWPDYSjpqt1A7kAZJUhj-ZkmC-6Q=s300-c,1692,102410000,-890000,3,3-4-3,53,2,1779001310,2026-05-17T07:01:50+00:00,True,660000,500000,1639
42,4521,Jornada 38,J38,,finished,6822272,Ricardo J,,1577,157450000,-1960000,4,3-5-2,55,1,1779560173,2026-05-23T18:16:13+00:00,True,660000,500000,1522
42,4521,Jornada 38,J38,,finished,6826480,Víctor Orta,i/u/6826480.png,1515,87480000,-350000,5,4-3-3,44,5,1779561277,2026-05-23T18:34:37+00:00,True,1020000,500000,1471
42,4521,Jornada 38,J38,,finished,5684093,CD Cornisa Azul,icons/42.png,1499,78730000,-540000,6,3-4-3,51,3,1779546256,2026-05-23T14:24:16+00:00,True,880000,500000,1448
42,4521,Jornada 38,J38,,finished,11678835,Julia,https://graph.facebook.com/10218096465979952/picture?height=300&width=300,1485,78670000,-620000,7,4-3-3,49,4,1777054245,2026-04-24T18:10:45+00:00,True,980000,500000,1436
