player_id,player_name,player_slug,owner_user_id,owner_user_name,acquired_date,acquired_date_iso,acquired_amount,acquired_type,sold_date,sold_date_iso,sold_to_user_id,sold_to_user_name
12734,Javi Morcillo,javi-morcillo,5684093,CD Cornisa Azul,1779944866,2026-05-28T05:07:46+00:00,25296614,market,,,,
40071,César Palacios,cesar-palacios,10089858,Karlox F.C.,1779688933,2026-05-25T06:02:13+00:00,56288179,market,,,,
11800,Cabrera,leandro-cabrera,6826480,Víctor Orta,1757480960,2025-09-10T05:09:20+00:00,3670000,market,1775624918,2026-04-08T05:08:38+00:00,6826480,Víctor Orta
11800,Cabrera,leandro-cabrera,6826480,Víctor Orta,1775624918,2026-04-08T05:08:38+00:00,5001000,market,1779340499,2026-05-21T05:14:59+00:00,6826480,Víctor Orta
11800,Cabrera,leandro-cabrera,6826480,Víctor Orta,1779340499,2026-05-21T05:14:59+00:00,7290000,market,,,,
40009,,,8127478,Arregui,1777525555,2026-04-30T05:05:55+00:00,3370000,market,1779340499,2026-05-21T05:14:59+00:00,6826480,Víctor Orta
40009,,,6826480,Víctor Orta,1779340499,2026-05-21T05:14:59+00:00,6120000,market,,,,
37600,Ionut Radu,ionut-radu,8128710,Los vengadores,1778648905,2026-05-13T05:08:25+00:00,2510000,market,,,,
35770,Antony,antony,6822272,Ricardo J,1762150145,2025-11-03T06:09:05+00:00,14180000,market,1778476106,2026-05-11T05:08:26+00:00,8128710,Los vengadores
35770,Antony,antony,8128710,Los vengadores,1778476106,2026-05-11T05:08:26+00:00,13880000,market,,,,
12526,Ferran Torres,ferran-torres,10089858,Karlox F.C.,1758171809,2025-09-18T05:03:29+00:00,8111999,market,1764396484,2025-11-29T06:08:04+00:00,8127478,Arregui
12526,Ferran Torres,ferran-torres,8127478,Arregui,1764396484,2025-11-29T06:08:04+00:00,9301000,market,1778216827,2026-05-08T05:07:07+00:00,8127478,Arregui
12526,Ferran Torres,ferran-torres,8127478,Arregui,1778216827,2026-05-08T05:07:07+00:00,21090000,market,,,,
29631,,,8128710,Los vengadores,1763273314,2025-11-16T06:08:34+00:00,2380000,market,1769667038,2026-01-29T06:10:38+00:00,11678835,Julia
29631,,,11678835,Julia,1769667038,2026-01-29T06:10:38+00:00,5700000,market,1778216827,2026-05-08T05:07:07+00:00,8127478,Arregui
29631,,,8127478,Arregui,1778216827,2026-05-08T05:07:07+00:00,9000000,market,,,,
17756,Camello,sergio-camello,6826480,Víctor Orta,1777871042,2026-05-04T05:04:02+00:00,5390000,market,,,,
26592,Tárrega,cesar-tarrega,11678835,Julia,1757135212,2025-09-06T05:06:52+00:00,4470000,market,1777439506,2026-04-29T05:11:46+00:00,6826480,Víctor Orta
26592,Tárrega,cesar-tarrega,6826480,Víctor Orta,1777439506,2026-04-29T05:11:46+00:00,1540000,market,,,,
1908,,,8128710,Los vengadores,1764828394,2025-12-04T06:06:34+00:00,1676000,market,1768629893,2026-01-17T06:04:53+00:00,8128710,Los vengadores
1908,,,8128710,Los vengadores,1768629893,2026-01-17T06:04:53+00:00,2650000,market,1777007228,2026-04-24T05:07:08+00:00,11678835,Julia
1908,,,11678835,Julia,1777007228,2026-04-24T05:07:08+00:00,3420000,market,,,,
5771,Yeray,yeray-alvarez,11678835,Julia,1777007228,2026-04-24T05:07:08+00:00,1210000,market,,,,
37711,Espí,carlos-espi,6822272,Ricardo J,1776661574,2026-04-20T05:06:14+00:00,14900000,market,,,,
38493,Renato Veiga,renato-veiga,6822272,Ricardo J,1758690482,2025-09-24T05:08:02+00:00,2560000,market,1762668434,2025-11-09T06:07:14+00:00,8128710,Los vengadores
38493,Renato Veiga,renato-veiga,8128710,Los vengadores,1762668434,2025-11-09T06:07:14+00:00,3340000,market,1776575630,2026-04-19T05:13:50+00:00,6826480,Víctor Orta
38493,Renato Veiga,renato-veiga,6826480,Víctor Orta,1776575630,2026-04-19T05:13:50+00:00,1790000,market,,,,
38178,Matías Moreno,matias-moreno,8128710,Los vengadores,1766729233,2025-12-26T06:07:13+00:00,660020,market,1776575630,2026-04-19T05:13:50+00:00,6826480,Víctor Orta
38178,Matías Moreno,matias-moreno,6826480,Víctor Orta,1776575630,2026-04-19T05:13:50+00:00,1020000,market,,,,
1249,Isco,isco,6822272,Ricardo J,1759295147,2025-10-01T05:05:47+00:00,6590000,market,1776402429,2026-04-17T05:07:09+00:00,8127478,Arregui
1249,Isco,isco,8127478,Arregui,1776402429,2026-04-17T05:07:09+00:00,9990000,market,,,,
10030,,,11678835,Julia,1776229704,2026-04-15T05:08:24+00:00,3160000,market,,,,
3159,Jutglà,jutgla,5684093,CD Cornisa Azul,1754802424,2025-08-10T05:07:04+00:00,6316000,market,1776143397,2026-04-14T05:09:57+00:00,6822272,Ricardo J
3159,Jutglà,jutgla,6822272,Ricardo J,1776143397,2026-04-14T05:09:57+00:00,8200000,market,,,,
38965,Cardoso,fabio-cardoso,6826480,Víctor Orta,1776056851,2026-04-13T05:07:31+00:00,150000,market,,,,
21008,Nico Williams,nico-williams,6822272,Ricardo J,1759122401,2025-09-29T05:06:41+00:00,11255000,market,1764396484,2025-11-29T06:08:04+00:00,6822272,Ricardo J
21008,Nico Williams,nico-williams,6822272,Ricardo J,1764396484,2025-11-29T06:08:04+00:00,9610000,market,1776056851,2026-04-13T05:07:31+00:00,6822272,Ricardo J
21008,Nico Williams,nico-williams,6822272,Ricardo J,1776056851,2026-04-13T05:07:31+00:00,8300000,market,,,,
30801,Federico Gattoni,f-gattoni,6826480,Víctor Orta,1775884050,2026-04-11T05:07:30+00:00,150000,market,,,,
34802,Toni Martínez,toni-martinez,8127478,Arregui,1775884050,2026-04-11T05:07:30+00:00,6340000,market,,,,
38365,,,11678835,Julia,1775711431,2026-04-09T05:10:31+00:00,2650000,market,,,,
35901,Thiago Almada,thiago-almada,10089858,Karlox F.C.,1756444064,2025-08-29T05:07:44+00:00,6008000,market,1761282582,2025-10-24T05:09:42+00:00,6822272,Ricardo J
35901,Thiago Almada,thiago-almada,6822272,Ricardo J,1761282582,2025-10-24T05:09:42+00:00,3860000,market,1775624918,2026-04-08T05:08:38+00:00,6826480,Víctor Orta
35901,Thiago Almada,thiago-almada,6826480,Víctor Orta,1775624918,2026-04-08T05:08:38+00:00,1600000,market,,,,
38289,Rashford,rashford,10089858,Karlox F.C.,1759813730,2025-10-07T05:08:50+00:00,8111111,market,1775624918,2026-04-08T05:08:38+00:00,6822272,Ricardo J
38289,Rashford,rashford,6822272,Ricardo J,1775624918,2026-04-08T05:08:38+00:00,10888000,market,,,,
40010,Sangaré,buba-sangare,6826480,Víctor Orta,1775538434,2026-04-07T05:07:14+00:00,170000,market,,,,
25396,Juanlu,juanlu-sanchez,5684093,CD Cornisa Azul,1757308083,2025-09-08T05:08:03+00:00,1675000,market,1762582107,2025-11-08T06:08:27+00:00,8128710,Los vengadores
25396,Juanlu,juanlu-sanchez,8128710,Los vengadores,1762582107,2025-11-08T06:08:27+00:00,943000,market,1775538434,2026-04-07T05:07:14+00:00,8128710,Los vengadores
25396,Juanlu,juanlu-sanchez,8128710,Los vengadores,1775538434,2026-04-07T05:07:14+00:00,1000100,market,,,,
9480,Comesaña,santi-comesana,11678835,Julia,1756876444,2025-09-03T05:14:04+00:00,5570000,market,1775365570,2026-04-05T05:06:10+00:00,8127478,Arregui
9480,Comesaña,santi-comesana,8127478,Arregui,1775365570,2026-04-05T05:06:10+00:00,9000010,market,,,,
23840,Juan Iglesias,juan-iglesias,8127478,Arregui,1762495580,2025-11-07T06:06:20+00:00,3150000,market,1775365570,2026-04-05T05:06:10+00:00,8127478,Arregui
23840,Juan Iglesias,juan-iglesias,8127478,Arregui,1775365570,2026-04-05T05:06:10+00:00,4310000,market,,,,
37725,Affengruber,d-affengruber,6822272,Ricardo J,1756617008,2025-08-31T05:10:08+00:00,3190000,market,1759554623,2025-10-04T05:10:23+00:00,8128710,Los vengadores
37725,Affengruber,d-affengruber,8128710,Los vengadores,1759554623,2025-10-04T05:10:23+00:00,3880000,market,1767766159,2026-01-07T06:09:19+00:00,6826480,Víctor Orta
37725,Affengruber,d-affengruber,6826480,Víctor Orta,1767766159,2026-01-07T06:09:19+00:00,4900000,market,1775279204,2026-04-04T05:06:44+00:00,8127478,Arregui
37725,Affengruber,d-affengruber,8127478,Arregui,1775279204,2026-04-04T05:06:44+00:00,3880000,market,,,,
1952,Cancelo,cancelo,6826480,Víctor Orta,1775192694,2026-04-03T05:04:54+00:00,8180000,market,,,,
25127,Ez Abde,abdessamad-ezzalzouli,6826480,Víctor Orta,1774933629,2026-03-31T05:07:09+00:00,14610000,market,,,,
15289,Lunin,andriy-lunin,5684093,CD Cornisa Azul,1774847148,2026-03-30T05:05:48+00:00,5470000,market,,,,
38958,Amrabat,sofyan-amrabat,8128710,Los vengadores,1760764048,2025-10-18T05:07:28+00:00,3486000,market,1774847148,2026-03-30T05:05:48+00:00,5684093,CD Cornisa Azul
38958,Amrabat,sofyan-amrabat,5684093,CD Cornisa Azul,1774847148,2026-03-30T05:05:48+00:00,7777770,market,,,,
27059,Molina,nahuel-molina,6826480,Víctor Orta,1774677977,2026-03-28T06:06:17+00:00,1640000,market,,,,
30789,Giuliano Simeone,g-simeone,8128710,Los vengadores,1755493792,2025-08-18T05:09:52+00:00,5842000,market,1758776849,2025-09-25T05:07:29+00:00,10089858,Karlox F.C.
30789,Giuliano Simeone,g-simeone,10089858,Karlox F.C.,1758776849,2025-09-25T05:07:29+00:00,5388888,market,1774677977,2026-03-28T06:06:17+00:00,8127478,Arregui
30789,Giuliano Simeone,g-simeone,8127478,Arregui,1774677977,2026-03-28T06:06:17+00:00,10100000,market,,,,
10155,Unai Núñez,unai-nunez,8128710,Los vengadores,1774591556,2026-03-27T06:05:56+00:00,2588000,market,,,,
31267,Sow,djibril-sow,6822272,Ricardo J,1760936994,2025-10-20T05:09:54+00:00,1688000,market,1774591556,2026-03-27T06:05:56+00:00,8128710,Los vengadores
31267,Sow,djibril-sow,8128710,Los vengadores,1774591556,2026-03-27T06:05:56+00:00,3688000,market,,,,
1612,Antonio Blanco,antonio-blanco,8128710,Los vengadores,1755579961,2025-08-19T05:06:01+00:00,2401000,market,1774332511,2026-03-24T06:08:31+00:00,8127478,Arregui
1612,Antonio Blanco,antonio-blanco,8127478,Arregui,1774332511,2026-03-24T06:08:31+00:00,4800000,market,,,,
38116,,,11678835,Julia,1774159638,2026-03-22T06:07:18+00:00,1600000,market,,,,
24326,Pathé Ciss,pathe-ciss,8128710,Los vengadores,1756789768,2025-09-02T05:09:28+00:00,3640000,market,1774159638,2026-03-22T06:07:18+00:00,11678835,Julia
24326,Pathé Ciss,pathe-ciss,11678835,Julia,1774159638,2026-03-22T06:07:18+00:00,2930000,market,,,,
5697,Mariano,mariano-diaz,6826480,Víctor Orta,1774073203,2026-03-21T06:06:43+00:00,200001,market,,,,
35615,Rubén Vargas,ruben-vargas,8128710,Los vengadores,1756530516,2025-08-30T05:08:36+00:00,3060000,market,1759122401,2025-09-29T05:06:41+00:00,11678835,Julia
35615,Rubén Vargas,ruben-vargas,11678835,Julia,1759122401,2025-09-29T05:06:41+00:00,5080000,market,1774073203,2026-03-21T06:06:43+00:00,5684093,CD Cornisa Azul
35615,Rubén Vargas,ruben-vargas,5684093,CD Cornisa Azul,1774073203,2026-03-21T06:06:43+00:00,6455426,market,,,,
19862,Expósito,edu-exposito-2,6822272,Ricardo J,1766556421,2025-12-24T06:07:01+00:00,7328000,market,1773986880,2026-03-20T06:08:00+00:00,6826480,Víctor Orta
19862,Expósito,edu-exposito-2,6826480,Víctor Orta,1773986880,2026-03-20T06:08:00+00:00,7250000,market,,,,
34221,,,6826480,Víctor Orta,1755263089,2025-08-15T13:04:49+00:00,250000,transfer,1773900292,2026-03-19T06:04:52+00:00,8127478,Arregui
34221,,,8127478,Arregui,1773900292,2026-03-19T06:04:52+00:00,550000,market,,,,
18174,De Jong,frenkie-de-jong,8128710,Los vengadores,1755320901,2025-08-16T05:08:21+00:00,8301000,market,1761023318,2025-10-21T05:08:38+00:00,8128710,Los vengadores
18174,De Jong,frenkie-de-jong,8128710,Los vengadores,1761023318,2025-10-21T05:08:38+00:00,9565000,market,1767074805,2025-12-30T06:06:45+00:00,6822272,Ricardo J
18174,De Jong,frenkie-de-jong,6822272,Ricardo J,1767074805,2025-12-30T06:06:45+00:00,9890000,market,1773900292,2026-03-19T06:04:52+00:00,6826480,Víctor Orta
18174,De Jong,frenkie-de-jong,6826480,Víctor Orta,1773900292,2026-03-19T06:04:52+00:00,7920000,market,,,,
17482,Dituro,matias-dituro,8128710,Los vengadores,1755061662,2025-08-13T05:07:42+00:00,3350000,market,1756184935,2025-08-26T05:08:55+00:00,6822272,Ricardo J
17482,Dituro,matias-dituro,6822272,Ricardo J,1756184935,2025-08-26T05:08:55+00:00,3425000,market,1773900292,2026-03-19T06:04:52+00:00,6826480,Víctor Orta
17482,Dituro,matias-dituro,6826480,Víctor Orta,1773900292,2026-03-19T06:04:52+00:00,2120000,market,,,,
25159,Akhomach,ilias-akhomach,6826480,Víctor Orta,1773900292,2026-03-19T06:04:52+00:00,3710000,market,,,,
2247,Bellerín,h-bellerin,8127478,Arregui,1773813998,2026-03-18T06:06:38+00:00,1500000,market,,,,
37898,,,6822272,Ricardo J,1761109560,2025-10-22T05:06:00+00:00,910000,market,1773727759,2026-03-17T06:09:19+00:00,5684093,CD Cornisa Azul
37898,,,5684093,CD Cornisa Azul,1773727759,2026-03-17T06:09:19+00:00,2424820,market,,,,
27271,Pitarch,pitarch,11678835,Julia,1773641094,2026-03-16T06:04:54+00:00,2800000,market,,,,
5220,Fran García,fran-garcia,8128710,Los vengadores,1773641094,2026-03-16T06:04:54+00:00,480020,market,,,,
9090,Dmitrovic,dmitrovic,6826480,Víctor Orta,1773555007,2026-03-15T06:10:07+00:00,3250000,market,,,,
37495,Huijsen,dean-huijsen,8128710,Los vengadores,1761458837,2025-10-26T06:07:17+00:00,7518000,market,1762582107,2025-11-08T06:08:27+00:00,6822272,Ricardo J
37495,Huijsen,dean-huijsen,6822272,Ricardo J,1762582107,2025-11-08T06:08:27+00:00,7890000,market,1773381976,2026-03-13T06:06:16+00:00,6826480,Víctor Orta
37495,Huijsen,dean-huijsen,6826480,Víctor Orta,1773381976,2026-03-13T06:06:16+00:00,4783000,market,,,,
31018,Santiago Mouriño,s-mourino,8128710,Los vengadores,1761977909,2025-11-01T06:18:29+00:00,3360000,market,1768284555,2026-01-13T06:09:15+00:00,8128710,Los vengadores
31018,Santiago Mouriño,s-mourino,8128710,Los vengadores,1768284555,2026-01-13T06:09:15+00:00,2360000,market,1769494356,2026-01-27T06:12:36+00:00,8127478,Arregui
31018,Santiago Mouriño,s-mourino,8127478,Arregui,1769494356,2026-01-27T06:12:36+00:00,2300000,market,1773381976,2026-03-13T06:06:16+00:00,6826480,Víctor Orta
31018,Santiago Mouriño,s-mourino,6826480,Víctor Orta,1773381976,2026-03-13T06:06:16+00:00,3220000,market,,,,
26879,Swedberg,swedberg,6822272,Ricardo J,1756271466,2025-08-27T05:11:06+00:00,1520007,market,1773295740,2026-03-12T06:09:00+00:00,6822272,Ricardo J
26879,Swedberg,swedberg,6822272,Ricardo J,1773295740,2026-03-12T06:09:00+00:00,3055000,market,,,,
38959,,,6822272,Ricardo J,1773036728,2026-03-09T06:12:08+00:00,5600000,market,,,,
38290,Hancko,hancko,6826480,Víctor Orta,1754975391,2025-08-12T05:09:51+00:00,4150000,market,1773036728,2026-03-09T06:12:08+00:00,6822272,Ricardo J
38290,Hancko,hancko,6822272,Ricardo J,1773036728,2026-03-09T06:12:08+00:00,4700000,market,,,,
8747,Moncayola,moncayola,8128710,Los vengadores,1756703027,2025-09-01T05:03:47+00:00,3116000,market,1772950455,2026-03-08T06:14:15+00:00,10089858,Karlox F.C.
8747,Moncayola,moncayola,10089858,Karlox F.C.,1772950455,2026-03-08T06:14:15+00:00,3370096,market,,,,
19299,Sergio Gómez,sergio-gomez,8128710,Los vengadores,1761977909,2025-11-01T06:18:29+00:00,3385000,market,1772863686,2026-03-07T06:08:06+00:00,8127478,Arregui
19299,Sergio Gómez,sergio-gomez,8127478,Arregui,1772863686,2026-03-07T06:08:06+00:00,4300000,market,,,,
39804,Zaid Romero,zaid-romero,6822272,Ricardo J,1772777251,2026-03-06T06:07:31+00:00,4200000,market,,,,
30487,Álvaro Valles,alvaro-valles,8127478,Arregui,1763100464,2025-11-14T06:07:44+00:00,1770000,market,1772691079,2026-03-05T06:11:19+00:00,6822272,Ricardo J
30487,Álvaro Valles,alvaro-valles,6822272,Ricardo J,1772691079,2026-03-05T06:11:19+00:00,2525000,market,,,,
1683,Carvajal,carvajal,8128710,Los vengadores,1764828394,2025-12-04T06:06:34+00:00,1790000,market,1772691079,2026-03-05T06:11:19+00:00,6822272,Ricardo J
1683,Carvajal,carvajal,6822272,Ricardo J,1772691079,2026-03-05T06:11:19+00:00,2350000,market,,,,
1523,Iago Aspas,iago-aspas,6822272,Ricardo J,1765260532,2025-12-09T06:08:52+00:00,3625700,market,1772691079,2026-03-05T06:11:19+00:00,6822272,Ricardo J
1523,Iago Aspas,iago-aspas,6822272,Ricardo J,1772691079,2026-03-05T06:11:19+00:00,2900007,market,,,,
26945,Lewandowski,lewandowski,6822272,Ricardo J,1772691079,2026-03-05T06:11:19+00:00,12100000,market,,,,
19441,Pedri,pedri,6822272,Ricardo J,1759899923,2025-10-08T05:05:23+00:00,18510000,market,1772604255,2026-03-04T06:04:15+00:00,8128710,Los vengadores
19441,Pedri,pedri,8128710,Los vengadores,1772604255,2026-03-04T06:04:15+00:00,34347290,market,,,,
17690,,,6826480,Víctor Orta,1762495580,2025-11-07T06:06:20+00:00,1660000,market,1772431860,2026-03-02T06:11:00+00:00,11678835,Julia
17690,,,11678835,Julia,1772431860,2026-03-02T06:11:00+00:00,4150000,market,,,,
26697,,,8128710,Los vengadores,1755234532,2025-08-15T05:08:52+00:00,630000,market,1772431860,2026-03-02T06:11:00+00:00,6826480,Víctor Orta
26697,,,6826480,Víctor Orta,1772431860,2026-03-02T06:11:00+00:00,1700000,market,,,,
30787,,,6826480,Víctor Orta,1772431860,2026-03-02T06:11:00+00:00,3520000,market,,,,
18945,Koundé,jules-kounde,8127478,Arregui,1764914666,2025-12-05T06:04:26+00:00,6750000,market,1772345108,2026-03-01T06:05:08+00:00,6826480,Víctor Orta
18945,Koundé,jules-kounde,6826480,Víctor Orta,1772345108,2026-03-01T06:05:08+00:00,7880000,market,,,,
33697,Raúl Moro,raul-moro,6826480,Víctor Orta,1772258957,2026-02-28T06:09:17+00:00,3540000,market,,,,
21,David Alaba,david-alaba,8128710,Los vengadores,1757740069,2025-09-13T05:07:49+00:00,458000,market,1772172623,2026-02-27T06:10:23+00:00,8127478,Arregui
21,David Alaba,david-alaba,8127478,Arregui,1772172623,2026-02-27T06:10:23+00:00,500000,market,,,,
39876,Maupay,neal-maupay,6822272,Ricardo J,1771740473,2026-02-22T06:07:53+00:00,3880000,market,,,,
34479,Pépé,nicolas-pepe,6822272,Ricardo J,1755839361,2025-08-22T05:09:21+00:00,7250000,market,1767334066,2026-01-02T06:07:46+00:00,6822272,Ricardo J
34479,Pépé,nicolas-pepe,6822272,Ricardo J,1767334066,2026-01-02T06:07:46+00:00,6110000,market,1771740473,2026-02-22T06:07:53+00:00,6822272,Ricardo J
34479,Pépé,nicolas-pepe,6822272,Ricardo J,1771740473,2026-02-22T06:07:53+00:00,6670000,market,,,,
2219,Bakambu,bakambu,6822272,Ricardo J,1771654190,2026-02-21T06:09:50+00:00,1680000,market,,,,
26095,,,8128710,Los vengadores,1759209011,2025-09-30T05:10:11+00:00,1131000,market,1761458837,2025-10-26T06:07:17+00:00,8128710,Los vengadores
26095,,,8128710,Los vengadores,1761458837,2025-10-26T06:07:17+00:00,1378000,market,1765087635,2025-12-07T06:07:15+00:00,6822272,Ricardo J
26095,,,6822272,Ricardo J,1765087635,2025-12-07T06:07:15+00:00,2560000,market,1771654190,2026-02-21T06:09:50+00:00,5684093,CD Cornisa Azul
26095,,,5684093,CD Cornisa Azul,1771654190,2026-02-21T06:09:50+00:00,4290000,market,,,,
32363,Isaac Romero,isaac-romero,6826480,Víctor Orta,1758517670,2025-09-22T05:07:50+00:00,3770000,market,1771654190,2026-02-21T06:09:50+00:00,5684093,CD Cornisa Azul
32363,Isaac Romero,isaac-romero,5684093,CD Cornisa Azul,1771654190,2026-02-21T06:09:50+00:00,745000,market,,,,
24979,Turrientes,benat-turrientes,8128710,Los vengadores,1755579961,2025-08-19T05:06:01+00:00,1301000,market,1764137318,2025-11-26T06:08:38+00:00,8128710,Los vengadores
24979,Turrientes,benat-turrientes,8128710,Los vengadores,1764137318,2025-11-26T06:08:38+00:00,471000,market,1768025172,2026-01-10T06:06:12+00:00,8127478,Arregui
24979,Turrientes,benat-turrientes,8127478,Arregui,1768025172,2026-01-10T06:06:12+00:00,800000,market,1771600984,2026-02-20T15:23:04+00:00,6826480,Víctor Orta
24979,Turrientes,benat-turrientes,6826480,Víctor Orta,1771600984,2026-02-20T15:23:04+00:00,1775000,transfer,,,,
39816,,,11678835,Julia,1770099015,2026-02-03T06:10:15+00:00,3690000,market,1771567793,2026-02-20T06:09:53+00:00,8127478,Arregui
39816,,,8127478,Arregui,1771567793,2026-02-20T06:09:53+00:00,4260000,market,,,,
26071,Ramazani,largie-ramazani,8127478,Arregui,1771567793,2026-02-20T06:09:53+00:00,900000,market,,,,
2001,Ayoze,ayoze-perez,8128710,Los vengadores,1760591325,2025-10-16T05:08:45+00:00,6711000,market,1764569211,2025-12-01T06:06:51+00:00,6822272,Ricardo J
2001,Ayoze,ayoze-perez,6822272,Ricardo J,1764569211,2025-12-01T06:06:51+00:00,7590000,market,1771567793,2026-02-20T06:09:53+00:00,6822272,Ricardo J
2001,Ayoze,ayoze-perez,6822272,Ricardo J,1771567793,2026-02-20T06:09:53+00:00,4780000,market,,,,
18397,De Frutos,jorge-de-frutos,8127478,Arregui,1758603938,2025-09-23T05:05:38+00:00,5540000,market,1771567793,2026-02-20T06:09:53+00:00,8127478,Arregui
18397,De Frutos,jorge-de-frutos,8127478,Arregui,1771567793,2026-02-20T06:09:53+00:00,11860000,market,,,,
17731,Catena,a-catena,6822272,Ricardo J,1763618859,2025-11-20T06:07:39+00:00,2840000,market,1771395000,2026-02-18T06:10:00+00:00,6826480,Víctor Orta
17731,Catena,a-catena,6826480,Víctor Orta,1771395000,2026-02-18T06:10:00+00:00,6760000,market,,,,
15568,Vinícius Jr,vinicius-junior,6822272,Ricardo J,1762322730,2025-11-05T06:05:30+00:00,18790000,market,1771395000,2026-02-18T06:10:00+00:00,10089858,Karlox F.C.
15568,Vinícius Jr,vinicius-junior,10089858,Karlox F.C.,1771395000,2026-02-18T06:10:00+00:00,25555555,market,,,,
28115,Kike Salas,kike-salas,6822272,Ricardo J,1756876444,2025-09-03T05:14:04+00:00,3310000,market,1771395000,2026-02-18T06:10:00+00:00,8128710,Los vengadores
28115,Kike Salas,kike-salas,8128710,Los vengadores,1771395000,2026-02-18T06:10:00+00:00,3570000,market,,,,
11686,Lo Celso,g-lo-celso,10089858,Karlox F.C.,1762150145,2025-11-03T06:09:05+00:00,8666666,market,1768111636,2026-01-11T06:07:16+00:00,6822272,Ricardo J
11686,Lo Celso,g-lo-celso,6822272,Ricardo J,1768111636,2026-01-11T06:07:16+00:00,5760000,market,1771395000,2026-02-18T06:10:00+00:00,6822272,Ricardo J
11686,Lo Celso,g-lo-celso,6822272,Ricardo J,1771395000,2026-02-18T06:10:00+00:00,3410000,market,,,,
26077,Sadiq,umar-sadiq,6822272,Ricardo J,1768716334,2026-01-18T06:05:34+00:00,3240000,market,1771308677,2026-02-17T06:11:17+00:00,5684093,CD Cornisa Azul
26077,Sadiq,umar-sadiq,5684093,CD Cornisa Azul,1771308677,2026-02-17T06:11:17+00:00,2212350,market,,,,
32460,Héctor Fort,hector-fort,6822272,Ricardo J,1765346955,2025-12-10T06:09:15+00:00,3290000,market,1771222077,2026-02-16T06:07:57+00:00,6822272,Ricardo J
32460,Héctor Fort,hector-fort,6822272,Ricardo J,1771222077,2026-02-16T06:07:57+00:00,1120000,market,,,,
19860,Febas,aleix-febas,5684093,CD Cornisa Azul,1771049333,2026-02-14T06:08:53+00:00,13017524,market,,,,
39966,Álvaro Fidalgo,alvaro-fidalgo,8128710,Los vengadores,1770963102,2026-02-13T06:11:42+00:00,4770000,market,,,,
38843,,,8128710,Los vengadores,1760850458,2025-10-19T05:07:38+00:00,1670000,market,1770963102,2026-02-13T06:11:42+00:00,8127478,Arregui
38843,,,8127478,Arregui,1770963102,2026-02-13T06:11:42+00:00,3600000,market,,,,
15455,Elgezabal,unai-elgezabal,6822272,Ricardo J,1758517670,2025-09-22T05:07:50+00:00,1610000,market,1770963102,2026-02-13T06:11:42+00:00,11678835,Julia
15455,Elgezabal,unai-elgezabal,11678835,Julia,1770963102,2026-02-13T06:11:42+00:00,370000,market,,,,
32435,Etta Eyong,etta-eyong,6822272,Ricardo J,1770963102,2026-02-13T06:11:42+00:00,4840008,market,,,,
12494,Boyé,lucas-boye,8128710,Los vengadores,1760159231,2025-10-11T05:07:11+00:00,1156000,market,1763705123,2025-11-21T06:05:23+00:00,8127478,Arregui
12494,Boyé,lucas-boye,8127478,Arregui,1763705123,2025-11-21T06:05:23+00:00,3140000,market,1770963102,2026-02-13T06:11:42+00:00,8127478,Arregui
12494,Boyé,lucas-boye,8127478,Arregui,1770963102,2026-02-13T06:11:42+00:00,3260000,market,,,,
7003,Remiro,alex-remiro,6822272,Ricardo J,1758863266,2025-09-26T05:07:46+00:00,4170000,market,1770876619,2026-02-12T06:10:19+00:00,6826480,Víctor Orta
7003,Remiro,alex-remiro,6826480,Víctor Orta,1770876619,2026-02-12T06:10:19+00:00,3900000,market,,,,
1769,,,6826480,Víctor Orta,1770876619,2026-02-12T06:10:19+00:00,3420000,market,,,,
27715,Nianzou,tanguy-nianzou,8128710,Los vengadores,1761368807,2025-10-25T05:06:47+00:00,682000,market,1770876619,2026-02-12T06:10:19+00:00,6826480,Víctor Orta
27715,Nianzou,tanguy-nianzou,6826480,Víctor Orta,1770876619,2026-02-12T06:10:19+00:00,240001,market,,,,
2476,Lejeune,lejeune,11678835,Julia,1770790378,2026-02-11T06:12:58+00:00,5640000,market,,,,
29034,Pablo Marín,pablo-marin,8127478,Arregui,1756357653,2025-08-28T05:07:33+00:00,2480000,market,1770703571,2026-02-10T06:06:11+00:00,8127478,Arregui
29034,Pablo Marín,pablo-marin,8127478,Arregui,1770703571,2026-02-10T06:06:11+00:00,700000,market,,,,
32440,Cubarsí,pau-cubarsi,6822272,Ricardo J,1755752911,2025-08-21T05:08:31+00:00,7410007,market,1757912895,2025-09-15T05:08:15+00:00,8128710,Los vengadores
32440,Cubarsí,pau-cubarsi,8128710,Los vengadores,1757912895,2025-09-15T05:08:15+00:00,5890000,market,1759209011,2025-09-30T05:10:11+00:00,6826480,Víctor Orta
32440,Cubarsí,pau-cubarsi,6826480,Víctor Orta,1759209011,2025-09-30T05:10:11+00:00,6400000,market,1770703571,2026-02-10T06:06:11+00:00,8127478,Arregui
32440,Cubarsí,pau-cubarsi,8127478,Arregui,1770703571,2026-02-10T06:06:11+00:00,6510000,market,,,,
39974,Obed Vargas,obed-vargas,11678835,Julia,1770703571,2026-02-10T06:06:11+00:00,1420000,market,,,,
17056,Guruzeta,guruceta,6822272,Ricardo J,1767679518,2026-01-06T06:05:18+00:00,1128000,market,1770703571,2026-02-10T06:06:11+00:00,6826480,Víctor Orta
17056,Guruzeta,guruceta,6826480,Víctor Orta,1770703571,2026-02-10T06:06:11+00:00,1820000,market,,,,
18382,Raul García,raul-garcia-2,8127478,Arregui,1755407363,2025-08-17T05:09:23+00:00,360000,market,1768457173,2026-01-15T06:06:13+00:00,11678835,Julia
18382,Raul García,raul-garcia-2,11678835,Julia,1768457173,2026-01-15T06:06:13+00:00,1370000,market,1770703571,2026-02-10T06:06:11+00:00,6826480,Víctor Orta
18382,Raul García,raul-garcia-2,6826480,Víctor Orta,1770703571,2026-02-10T06:06:11+00:00,1190000,market,,,,
39431,,,5684093,CD Cornisa Azul,1770617181,2026-02-09T06:06:21+00:00,1865210,market,,,,
37451,,,5684093,CD Cornisa Azul,1770617181,2026-02-09T06:06:21+00:00,2845000,market,,,,
26994,,,6826480,Víctor Orta,1762409163,2025-11-06T06:06:03+00:00,1940000,market,1770617181,2026-02-09T06:06:21+00:00,5684093,CD Cornisa Azul
26994,,,5684093,CD Cornisa Azul,1770617181,2026-02-09T06:06:21+00:00,975100,market,,,,
32020,Aramburu,jon-aramburu,11678835,Julia,1762322730,2025-11-05T06:05:30+00:00,2280000,market,1770444425,2026-02-07T06:07:05+00:00,11678835,Julia
32020,Aramburu,jon-aramburu,11678835,Julia,1770444425,2026-02-07T06:07:05+00:00,3290000,market,,,,
15471,,,6822272,Ricardo J,1759036132,2025-09-28T05:08:52+00:00,1650000,market,1764396484,2025-11-29T06:08:04+00:00,6822272,Ricardo J
15471,,,6822272,Ricardo J,1764396484,2025-11-29T06:08:04+00:00,1228000,market,1766383682,2025-12-22T06:08:02+00:00,6822272,Ricardo J
15471,,,6822272,Ricardo J,1766383682,2025-12-22T06:08:02+00:00,1530007,market,1770444425,2026-02-07T06:07:05+00:00,6822272,Ricardo J
15471,,,6822272,Ricardo J,1770444425,2026-02-07T06:07:05+00:00,1100000,market,,,,
29908,Álvaro Rodríguez,alvaro-rodriguez,10089858,Karlox F.C.,1759381791,2025-10-02T05:09:51+00:00,1380010,market,1766470135,2025-12-23T06:08:55+00:00,6822272,Ricardo J
29908,Álvaro Rodríguez,alvaro-rodriguez,6822272,Ricardo J,1766470135,2025-12-23T06:08:55+00:00,3260000,market,1770358024,2026-02-06T06:07:04+00:00,11678835,Julia
29908,Álvaro Rodríguez,alvaro-rodriguez,11678835,Julia,1770358024,2026-02-06T06:07:04+00:00,5740000,market,,,,
14800,Pablo Ibáñez,pablo-ibanez,6822272,Ricardo J,1757567101,2025-09-11T05:05:01+00:00,1675000,market,1767506885,2026-01-04T06:08:05+00:00,8127478,Arregui
14800,Pablo Ibáñez,pablo-ibanez,8127478,Arregui,1767506885,2026-01-04T06:08:05+00:00,1900000,market,1770358024,2026-02-06T06:07:04+00:00,5684093,CD Cornisa Azul
14800,Pablo Ibáñez,pablo-ibanez,5684093,CD Cornisa Azul,1770358024,2026-02-06T06:07:04+00:00,2865000,market,,,,
28087,Marcos Alonso,marcos-alonso,5684093,CD Cornisa Azul,1761458837,2025-10-26T06:07:17+00:00,3432000,market,1770271847,2026-02-05T06:10:47+00:00,11678835,Julia
28087,Marcos Alonso,marcos-alonso,11678835,Julia,1770271847,2026-02-05T06:10:47+00:00,5930000,market,,,,
12424,Jon Pacheco,jon-pacheco,8128710,Los vengadores,1756184935,2025-08-26T05:08:55+00:00,256000,market,1770185257,2026-02-04T06:07:37+00:00,11678835,Julia
12424,Jon Pacheco,jon-pacheco,11678835,Julia,1770185257,2026-02-04T06:07:37+00:00,1890000,market,,,,
2055,De Galarreta,ruiz-de-galarreta,6826480,Víctor Orta,1770185257,2026-02-04T06:07:37+00:00,2760000,market,,,,
1760,Chust,chust,6822272,Ricardo J,1761196192,2025-10-23T05:09:52+00:00,1695000,market,1770185257,2026-02-04T06:07:37+00:00,8127478,Arregui
1760,Chust,chust,8127478,Arregui,1770185257,2026-02-04T06:07:37+00:00,990000,market,,,,
17937,Iván Romero,ivan-romero,11678835,Julia,1770099015,2026-02-03T06:10:15+00:00,2960000,market,,,,
38369,,,6822272,Ricardo J,1761282582,2025-10-24T05:09:42+00:00,2210000,market,1770012632,2026-02-02T06:10:32+00:00,10089858,Karlox F.C.
38369,,,10089858,Karlox F.C.,1770012632,2026-02-02T06:10:32+00:00,4666666,market,,,,
38071,Adrián Liso,adrian-liso,8127478,Arregui,1770012632,2026-02-02T06:10:32+00:00,970000,market,,,,
38957,Lucas Beltrán,lucas-beltran,11678835,Julia,1770012632,2026-02-02T06:10:32+00:00,1270000,market,,,,
25398,Pubill,marc-pubill,6822272,Ricardo J,1769925900,2026-02-01T06:05:00+00:00,8770000,market,,,,
39785,Raghouber,ugo-raghouber,6822272,Ricardo J,1769839741,2026-01-31T06:09:01+00:00,515500,market,,,,
34541,,,6822272,Ricardo J,1763532405,2025-11-19T06:06:45+00:00,1100000,market,1769753323,2026-01-30T06:08:43+00:00,8127478,Arregui
34541,,,8127478,Arregui,1769753323,2026-01-30T06:08:43+00:00,650000,market,,,,
1679,Diego Llorente,diego-llorente,8128710,Los vengadores,1756444064,2025-08-29T05:07:44+00:00,2160000,market,1769753323,2026-01-30T06:08:43+00:00,8128710,Los vengadores
1679,Diego Llorente,diego-llorente,8128710,Los vengadores,1769753323,2026-01-30T06:08:43+00:00,868000,market,,,,
18251,Sergio Herrera,sergio-herrera,6822272,Ricardo J,1768457173,2026-01-15T06:06:13+00:00,4720000,market,1769711988,2026-01-29T18:39:48+00:00,8127478,Arregui
18251,Sergio Herrera,sergio-herrera,8127478,Arregui,1769711988,2026-01-29T18:39:48+00:00,5510000,transfer,,,,
1844,Gayà,gaya,6822272,Ricardo J,1769667038,2026-01-29T06:10:38+00:00,1520000,market,,,,
163,Guido Rodríguez,g-rodriguez,8127478,Arregui,1769580318,2026-01-28T06:05:18+00:00,950000,market,,,,
37455,,,8127478,Arregui,1769494356,2026-01-27T06:12:36+00:00,640000,market,,,,
29184,Barrios,pablo-barrios,8127478,Arregui,1769408092,2026-01-26T06:14:52+00:00,9100000,market,,,,
11196,,,11678835,Julia,1755320901,2025-08-16T05:08:21+00:00,4770000,market,1769408092,2026-01-26T06:14:52+00:00,6826480,Víctor Orta
11196,,,6826480,Víctor Orta,1769408092,2026-01-26T06:14:52+00:00,1210000,market,,,,
2031,Pedraza,alfonso-pedraza,6822272,Ricardo J,1760072651,2025-10-10T05:04:11+00:00,555000,market,1769408092,2026-01-26T06:14:52+00:00,6822272,Ricardo J
2031,Pedraza,alfonso-pedraza,6822272,Ricardo J,1769408092,2026-01-26T06:14:52+00:00,2170000,market,,,,
27960,Carmona,jose-angel-carmona,8127478,Arregui,1758085491,2025-09-17T05:04:51+00:00,1740000,market,1769321236,2026-01-25T06:07:16+00:00,11678835,Julia
27960,Carmona,jose-angel-carmona,11678835,Julia,1769321236,2026-01-25T06:07:16+00:00,3100000,market,,,,
30081,Pape Gueye,pape-gueye,8128710,Los vengadores,1754716029,2025-08-09T05:07:09+00:00,5050050,market,1769234857,2026-01-24T06:07:37+00:00,6822272,Ricardo J
30081,Pape Gueye,pape-gueye,6822272,Ricardo J,1769234857,2026-01-24T06:07:37+00:00,4280000,market,,,,
31707,Álvaro Carreras,alvaro-fernandez-2,6822272,Ricardo J,1757221682,2025-09-07T05:08:02+00:00,7150000,market,1761890701,2025-10-31T06:05:01+00:00,10089858,Karlox F.C.
31707,Álvaro Carreras,alvaro-fernandez-2,10089858,Karlox F.C.,1761890701,2025-10-31T06:05:01+00:00,8080888,market,1769234857,2026-01-24T06:07:37+00:00,8127478,Arregui
31707,Álvaro Carreras,alvaro-fernandez-2,8127478,Arregui,1769234857,2026-01-24T06:07:37+00:00,7950000,market,,,,
38194,Gabriel Suazo,gabriel-suazo,6822272,Ricardo J,1766815692,2025-12-27T06:08:12+00:00,2710000,market,1769234857,2026-01-24T06:07:37+00:00,6822272,Ricardo J
38194,Gabriel Suazo,gabriel-suazo,6822272,Ricardo J,1769234857,2026-01-24T06:07:37+00:00,1970000,market,,,,
32629,Marc Casadó,marc-casado,6826480,Víctor Orta,1758517670,2025-09-22T05:07:50+00:00,2200000,market,1769148450,2026-01-23T06:07:30+00:00,6826480,Víctor Orta
32629,Marc Casadó,marc-casado,6826480,Víctor Orta,1769148450,2026-01-23T06:07:30+00:00,1090000,market,,,,
1613,Laporte,laporte,8127478,Arregui,1761196192,2025-10-23T05:09:52+00:00,4900000,market,1762150145,2025-11-03T06:09:05+00:00,5684093,CD Cornisa Azul
1613,Laporte,laporte,5684093,CD Cornisa Azul,1762150145,2025-11-03T06:09:05+00:00,4861000,market,1769062477,2026-01-22T06:14:37+00:00,6822272,Ricardo J
1613,Laporte,laporte,6822272,Ricardo J,1769062477,2026-01-22T06:14:37+00:00,2290000,market,,,,
38164,Mastantuono,mastantuono,6826480,Víctor Orta,1760418477,2025-10-14T05:07:57+00:00,7860000,market,1769062477,2026-01-22T06:14:37+00:00,8127478,Arregui
38164,Mastantuono,mastantuono,8127478,Arregui,1769062477,2026-01-22T06:14:37+00:00,2780000,market,,,,
26068,,,8128710,Los vengadores,1757394603,2025-09-09T05:10:03+00:00,2270000,market,1759727514,2025-10-06T05:11:54+00:00,8128710,Los vengadores
26068,,,8128710,Los vengadores,1759727514,2025-10-06T05:11:54+00:00,2340000,market,1764050976,2025-11-25T06:09:36+00:00,6822272,Ricardo J
26068,,,6822272,Ricardo J,1764050976,2025-11-25T06:09:36+00:00,2580000,market,1769062477,2026-01-22T06:14:37+00:00,6826480,Víctor Orta
26068,,,6826480,Víctor Orta,1769062477,2026-01-22T06:14:37+00:00,5950000,market,,,,
28309,Carlos Álvarez,carlos-alvarez,6822272,Ricardo J,1758431318,2025-09-21T05:08:38+00:00,3180000,market,1769062477,2026-01-22T06:14:37+00:00,8128710,Los vengadores
28309,Carlos Álvarez,carlos-alvarez,8128710,Los vengadores,1769062477,2026-01-22T06:14:37+00:00,5280000,market,,,,
25392,Jofre Carreras,jofre-carreras,8127478,Arregui,1769062477,2026-01-22T06:14:37+00:00,360000,market,,,,
2100,,,6826480,Víctor Orta,1768975612,2026-01-21T06:06:52+00:00,3720000,market,,,,
14630,,,6822272,Ricardo J,1768803048,2026-01-19T06:10:48+00:00,1720000,market,,,,
5069,Isi Palazón,isi-palazon,8128710,Los vengadores,1768716334,2026-01-18T06:05:34+00:00,3640000,market,,,,
35249,Asencio,raul-asencio,6822272,Ricardo J,1768716334,2026-01-18T06:05:34+00:00,4190000,market,,,,
10650,Losada,losada,8127478,Arregui,1761890701,2025-10-31T06:05:01+00:00,220000,market,1768629893,2026-01-17T06:04:53+00:00,8128710,Los vengadores
10650,Losada,losada,8128710,Los vengadores,1768629893,2026-01-17T06:04:53+00:00,1870000,market,,,,
37456,,,6826480,Víctor Orta,1762409163,2025-11-06T06:06:03+00:00,1440000,market,1768543846,2026-01-16T06:10:46+00:00,8128710,Los vengadores
37456,,,8128710,Los vengadores,1768543846,2026-01-16T06:10:46+00:00,788000,market,,,,
33839,Javi Rodríguez,javier-rodriguez,11678835,Julia,1768543846,2026-01-16T06:10:46+00:00,1740000,market,,,,
18128,Iker Muñoz,iker-munoz,8128710,Los vengadores,1768543846,2026-01-16T06:10:46+00:00,162000,market,,,,
27996,Paredes,aitor-paredes,8127478,Arregui,1755148418,2025-08-14T05:13:38+00:00,2000000,market,1768457173,2026-01-15T06:06:13+00:00,10089858,Karlox F.C.
27996,Paredes,aitor-paredes,10089858,Karlox F.C.,1768457173,2026-01-15T06:06:13+00:00,1333333,market,,,,
38405,Odysseas,o-vlachodimos,8127478,Arregui,1755493792,2025-08-18T05:09:52+00:00,3360000,market,1763877931,2025-11-23T06:05:31+00:00,8128710,Los vengadores
38405,Odysseas,o-vlachodimos,8128710,Los vengadores,1763877931,2025-11-23T06:05:31+00:00,3042000,market,1768457173,2026-01-15T06:06:13+00:00,8128710,Los vengadores
38405,Odysseas,o-vlachodimos,8128710,Los vengadores,1768457173,2026-01-15T06:06:13+00:00,1968000,market,,,,
24576,Sørloth,a-sorloth,8128710,Los vengadores,1759554623,2025-10-04T05:10:23+00:00,4621000,market,1765865111,2025-12-16T06:05:11+00:00,5684093,CD Cornisa Azul
24576,Sørloth,a-sorloth,5684093,CD Cornisa Azul,1765865111,2025-12-16T06:05:11+00:00,3495000,market,1768457173,2026-01-15T06:06:13+00:00,8128710,Los vengadores
24576,Sørloth,a-sorloth,8128710,Los vengadores,1768457173,2026-01-15T06:06:13+00:00,4160000,market,,,,
16889,Pedrosa,pedrosa,6826480,Víctor Orta,1768457173,2026-01-15T06:06:13+00:00,360000,market,,,,
24732,Gavi,gavi,6822272,Ricardo J,1768370897,2026-01-14T06:08:17+00:00,1290000,market,,,,
31043,,,11678835,Julia,1762841482,2025-11-11T06:11:22+00:00,2770000,market,1768284555,2026-01-13T06:09:15+00:00,8128710,Los vengadores
31043,,,8128710,Los vengadores,1768284555,2026-01-13T06:09:15+00:00,1810000,market,,,,
129,Brahim,brahim-diaz,8128710,Los vengadores,1768284555,2026-01-13T06:09:15+00:00,1100020,market,,,,
21063,Balliu,ivan-balliu,11678835,Julia,1768284555,2026-01-13T06:09:15+00:00,220000,market,,,,
9402,Valverde,fede-valverde,8128710,Los vengadores,1762582107,2025-11-08T06:08:27+00:00,11826000,market,1765174085,2025-12-08T06:08:05+00:00,6822272,Ricardo J
9402,Valverde,fede-valverde,6822272,Ricardo J,1765174085,2025-12-08T06:08:05+00:00,11680000,market,1768111636,2026-01-11T06:07:16+00:00,6822272,Ricardo J
9402,Valverde,fede-valverde,6822272,Ricardo J,1768111636,2026-01-11T06:07:16+00:00,11510000,market,,,,
32042,Gonzalo García,gonzalo-garcia,6822272,Ricardo J,1768111636,2026-01-11T06:07:16+00:00,4100000,market,,,,
38216,Roony,bardghji,10089858,Karlox F.C.,1755234532,2025-08-15T05:08:52+00:00,1240010,market,1759554623,2025-10-04T05:10:23+00:00,8128710,Los vengadores
38216,Roony,bardghji,8128710,Los vengadores,1759554623,2025-10-04T05:10:23+00:00,1026000,market,1760764048,2025-10-18T05:07:28+00:00,11678835,Julia
38216,Roony,bardghji,11678835,Julia,1760764048,2025-10-18T05:07:28+00:00,1990000,market,1768111636,2026-01-11T06:07:16+00:00,6822272,Ricardo J
38216,Roony,bardghji,6822272,Ricardo J,1768111636,2026-01-11T06:07:16+00:00,860000,market,,,,
31027,Arda Güler,arda-guler,6822272,Ricardo J,1755925573,2025-08-23T05:06:13+00:00,11910000,market,1762063581,2025-11-02T06:06:21+00:00,8128710,Los vengadores
31027,Arda Güler,arda-guler,8128710,Los vengadores,1762063581,2025-11-02T06:06:21+00:00,16120000,market,1768025172,2026-01-10T06:06:12+00:00,6822272,Ricardo J
31027,Arda Güler,arda-guler,6822272,Ricardo J,1768025172,2026-01-10T06:06:12+00:00,10310009,market,,,,
11045,Calero,fernando-calero,6822272,Ricardo J,1763273314,2025-11-16T06:08:34+00:00,900000,market,1767938912,2026-01-09T06:08:32+00:00,8127478,Arregui
11045,Calero,fernando-calero,8127478,Arregui,1767938912,2026-01-09T06:08:32+00:00,2850000,market,,,,
38962,Mikautadze,g-mikautadze,6822272,Ricardo J,1759986552,2025-10-09T05:09:12+00:00,10370000,market,1767938912,2026-01-09T06:08:32+00:00,10089858,Karlox F.C.
38962,Mikautadze,g-mikautadze,10089858,Karlox F.C.,1767938912,2026-01-09T06:08:32+00:00,7111111,market,,,,
10139,Arambarri,mauro-arambarri,6826480,Víctor Orta,1756357653,2025-08-28T05:07:33+00:00,5950000,market,1762754632,2025-11-10T06:03:52+00:00,8128710,Los vengadores
10139,Arambarri,mauro-arambarri,8128710,Los vengadores,1762754632,2025-11-10T06:03:52+00:00,5160000,market,1767852437,2026-01-08T06:07:17+00:00,6822272,Ricardo J
10139,Arambarri,mauro-arambarri,6822272,Ricardo J,1767852437,2026-01-08T06:07:17+00:00,7395000,market,,,,
37499,Trent,alexander-arnold,6822272,Ricardo J,1755320901,2025-08-16T05:08:21+00:00,7975000,market,1764223524,2025-11-27T06:05:24+00:00,6822272,Ricardo J
37499,Trent,alexander-arnold,6822272,Ricardo J,1764223524,2025-11-27T06:05:24+00:00,3585000,market,1767766159,2026-01-07T06:09:19+00:00,6822272,Ricardo J
37499,Trent,alexander-arnold,6822272,Ricardo J,1767766159,2026-01-07T06:09:19+00:00,2100000,market,,,,
35678,Roberto Fernández,r-fernandez,6826480,Víctor Orta,1767766159,2026-01-07T06:09:19+00:00,6250000,market,,,,
10292,Arguibide,inigo-arguibide,11678835,Julia,1767766159,2026-01-07T06:09:19+00:00,260000,market,,,,
1992,,,8128710,Los vengadores,1758258293,2025-09-19T05:04:53+00:00,726000,market,1767766159,2026-01-07T06:09:19+00:00,11678835,Julia
1992,,,11678835,Julia,1767766159,2026-01-07T06:09:19+00:00,370000,market,,,,
33694,Boyomo,enzo-boyomo,6826480,Víctor Orta,1767766159,2026-01-07T06:09:19+00:00,3200002,market,,,,
18398,Budimir,ante-budimir,11678835,Julia,1767679518,2026-01-06T06:05:18+00:00,7730000,market,,,,
951,Parejo,parejo,11678835,Julia,1767593153,2026-01-05T06:05:53+00:00,2360000,market,,,,
22699,Urko Gonzalez,urko-gonzalez,10089858,Karlox F.C.,1767420479,2026-01-03T06:07:59+00:00,1908000,market,,,,
5352,Óscar Valentín,o-valentin,8128710,Los vengadores,1767334066,2026-01-02T06:07:46+00:00,1685000,market,,,,
18178,Rodrygo,rodrygo-goes,6822272,Ricardo J,1754975391,2025-08-12T05:09:51+00:00,3150000,market,1756617008,2025-08-31T05:10:08+00:00,8128710,Los vengadores
18178,Rodrygo,rodrygo-goes,8128710,Los vengadores,1756617008,2025-08-31T05:10:08+00:00,4100030,market,1767334066,2026-01-02T06:07:46+00:00,6822272,Ricardo J
18178,Rodrygo,rodrygo-goes,6822272,Ricardo J,1767334066,2026-01-02T06:07:46+00:00,7790000,market,,,,
1599,Jonny Castro,jonny,10089858,Karlox F.C.,1767247660,2026-01-01T06:07:40+00:00,1888888,market,,,,
755,,,8128710,Los vengadores,1759209011,2025-09-30T05:10:11+00:00,1021000,market,1762754632,2025-11-10T06:03:52+00:00,11678835,Julia
755,,,11678835,Julia,1762754632,2025-11-10T06:03:52+00:00,910000,market,1767161162,2025-12-31T06:06:02+00:00,6822272,Ricardo J
755,,,6822272,Ricardo J,1767161162,2025-12-31T06:06:02+00:00,2120000,market,,,,
21145,Vencedor,unai-vencedor,8127478,Arregui,1759468179,2025-10-03T05:09:39+00:00,780000,market,1761109560,2025-10-22T05:06:00+00:00,11678835,Julia
21145,Vencedor,unai-vencedor,11678835,Julia,1761109560,2025-10-22T05:06:00+00:00,1110000,market,1767074805,2025-12-30T06:06:45+00:00,6826480,Víctor Orta
21145,Vencedor,unai-vencedor,6826480,Víctor Orta,1767074805,2025-12-30T06:06:45+00:00,630000,market,,,,
1153,Griezmann,griezmann,5684093,CD Cornisa Azul,1759468179,2025-10-03T05:09:39+00:00,4700666,market,1766988403,2025-12-29T06:06:43+00:00,8128710,Los vengadores
1153,Griezmann,griezmann,8128710,Los vengadores,1766988403,2025-12-29T06:06:43+00:00,6583000,market,,,,
2602,Barrenetxea,barrenetxea,6822272,Ricardo J,1756271466,2025-08-27T05:11:06+00:00,3200000,market,1766988403,2025-12-29T06:06:43+00:00,8128710,Los vengadores
2602,Barrenetxea,barrenetxea,8128710,Los vengadores,1766988403,2025-12-29T06:06:43+00:00,7360000,market,,,,
16317,Puado,javi-puado,11678835,Julia,1758258293,2025-09-19T05:04:53+00:00,7130000,market,1766988403,2025-12-29T06:06:43+00:00,8128710,Los vengadores
16317,Puado,javi-puado,8128710,Los vengadores,1766988403,2025-12-29T06:06:43+00:00,3020000,market,,,,
37719,Álvaro Núñez,alvaro-nunez,8128710,Los vengadores,1766901958,2025-12-28T06:05:58+00:00,3880000,market,,,,
2600,Marcos Llorente,marcos-llorente,6822272,Ricardo J,1763020862,2025-11-13T08:01:02+00:00,9060000,market,1766901958,2025-12-28T06:05:58+00:00,8128710,Los vengadores
2600,Marcos Llorente,marcos-llorente,8128710,Los vengadores,1766901958,2025-12-28T06:05:58+00:00,9880000,market,,,,
32114,,,11678835,Julia,1766901958,2025-12-28T06:05:58+00:00,3500000,market,,,,
1927,Gerard Moreno,gerard-moreno,6822272,Ricardo J,1757740069,2025-09-13T05:07:49+00:00,3050000,market,1763020862,2025-11-13T08:01:02+00:00,8128710,Los vengadores
1927,Gerard Moreno,gerard-moreno,8128710,Los vengadores,1763020862,2025-11-13T08:01:02+00:00,8780000,market,1766729233,2025-12-26T06:07:13+00:00,6822272,Ricardo J
1927,Gerard Moreno,gerard-moreno,6822272,Ricardo J,1766729233,2025-12-26T06:07:13+00:00,12800000,market,,,,
1995,Iñaki Williams,williams,8127478,Arregui,1766642800,2025-12-25T06:06:40+00:00,4040000,market,,,,
2603,Oyarzabal,oyarzabal,6822272,Ricardo J,1763445941,2025-11-18T06:05:41+00:00,11840000,market,1766470135,2025-12-23T06:08:55+00:00,6822272,Ricardo J
2603,Oyarzabal,oyarzabal,6822272,Ricardo J,1766470135,2025-12-23T06:08:55+00:00,11880000,market,,,,
35765,Angel Ortiz,angel-ortiz,8127478,Arregui,1766470135,2025-12-23T06:08:55+00:00,220000,market,,,,
13994,Correia,thierry-correia,11678835,Julia,1758690482,2025-09-24T05:08:02+00:00,300000,market,1761204519,2025-10-23T07:28:39+00:00,8127478,Arregui
13994,Correia,thierry-correia,8127478,Arregui,1761204519,2025-10-23T07:28:39+00:00,600000,transfer,1761804446,2025-10-30T06:07:26+00:00,8127478,Arregui
13994,Correia,thierry-correia,8127478,Arregui,1761804446,2025-10-30T06:07:26+00:00,640000,market,1766470135,2025-12-23T06:08:55+00:00,8127478,Arregui
13994,Correia,thierry-correia,8127478,Arregui,1766470135,2025-12-23T06:08:55+00:00,680000,market,,,,
26344,Copete,copete,8127478,Arregui,1766383682,2025-12-22T06:08:02+00:00,1130000,market,,,,
15464,Diakhaby,m-diakhaby,8128710,Los vengadores,1756789768,2025-09-02T05:09:28+00:00,2010000,market,1766210822,2025-12-20T06:07:02+00:00,6822272,Ricardo J
15464,Diakhaby,m-diakhaby,6822272,Ricardo J,1766210822,2025-12-20T06:07:02+00:00,1001000,market,,,,
10157,Aleñá,alena,6826480,Víctor Orta,1766037858,2025-12-18T06:04:18+00:00,990000,market,,,,
22964,Foyth,juan-foyth,6822272,Ricardo J,1761718359,2025-10-29T06:12:39+00:00,3790000,market,1765951538,2025-12-17T06:05:38+00:00,5684093,CD Cornisa Azul
22964,Foyth,juan-foyth,5684093,CD Cornisa Azul,1765951538,2025-12-17T06:05:38+00:00,4851000,market,,,,
27994,Diego López,diego-lopez-2,8128710,Los vengadores,1756184935,2025-08-26T05:08:55+00:00,5580000,market,1765951538,2025-12-17T06:05:38+00:00,5684093,CD Cornisa Azul
27994,Diego López,diego-lopez-2,5684093,CD Cornisa Azul,1765951538,2025-12-17T06:05:38+00:00,3751420,market,,,,
38368,Filip Ugrinic,filip-ugrinic,10089858,Karlox F.C.,1765951538,2025-12-17T06:05:38+00:00,760800,market,,,,
9887,Sivera,sivera,6822272,Ricardo J,1757999377,2025-09-16T05:09:37+00:00,4090000,market,1762668434,2025-11-09T06:07:14+00:00,8128710,Los vengadores
9887,Sivera,sivera,8128710,Los vengadores,1762668434,2025-11-09T06:07:14+00:00,2998000,market,1765951538,2025-12-17T06:05:38+00:00,5684093,CD Cornisa Azul
9887,Sivera,sivera,5684093,CD Cornisa Azul,1765951538,2025-12-17T06:05:38+00:00,2750000,market,,,,
8695,Areso,jesus-areso,6826480,Víctor Orta,1765951538,2025-12-17T06:05:38+00:00,1680000,market,,,,
6259,Hugo Duro,hugo-duro,10089858,Karlox F.C.,1756703027,2025-09-01T05:03:47+00:00,4000880,market,1765865111,2025-12-16T06:05:11+00:00,5684093,CD Cornisa Azul
6259,Hugo Duro,hugo-duro,5684093,CD Cornisa Azul,1765865111,2025-12-16T06:05:11+00:00,3654000,market,,,,
34527,Dani Olmo,dani-olmo,6826480,Víctor Orta,1754975391,2025-08-12T05:09:51+00:00,14670000,market,1765778872,2025-12-15T06:07:52+00:00,8128710,Los vengadores
34527,Dani Olmo,dani-olmo,8128710,Los vengadores,1765778872,2025-12-15T06:07:52+00:00,6100020,market,,,,
17344,Yangel Herrera,yangel-herrera,8128710,Los vengadores,1760331952,2025-10-13T05:05:52+00:00,2610000,market,1765778872,2025-12-15T06:07:52+00:00,8128710,Los vengadores
17344,Yangel Herrera,yangel-herrera,8128710,Los vengadores,1765778872,2025-12-15T06:07:52+00:00,1236000,market,,,,
37473,Víctor Muñoz,victor-munoz,8128710,Los vengadores,1765606065,2025-12-13T06:07:45+00:00,4350000,market,,,,
5807,Marc Roca,marc-roca,8128710,Los vengadores,1758517670,2025-09-22T05:07:50+00:00,846000,market,1765606065,2025-12-13T06:07:45+00:00,5684093,CD Cornisa Azul
5807,Marc Roca,marc-roca,5684093,CD Cornisa Azul,1765606065,2025-12-13T06:07:45+00:00,1765000,market,,,,
897,Berenguer,alex-berenguer,11678835,Julia,1757740069,2025-09-13T05:07:49+00:00,5700000,market,1762754632,2025-11-10T06:03:52+00:00,8128710,Los vengadores
897,Berenguer,alex-berenguer,8128710,Los vengadores,1762754632,2025-11-10T06:03:52+00:00,2886000,market,1765519640,2025-12-12T06:07:20+00:00,8128710,Los vengadores
897,Berenguer,alex-berenguer,8128710,Los vengadores,1765519640,2025-12-12T06:07:20+00:00,3830000,market,,,,
15719,Le Normand,le-normand,8128710,Los vengadores,1765519640,2025-12-12T06:07:20+00:00,3670000,market,,,,
35344,Buchanan,tajon-buchanan,8127478,Arregui,1759640843,2025-10-05T05:07:23+00:00,7500000,market,1765433206,2025-12-11T06:06:46+00:00,10089858,Karlox F.C.
35344,Buchanan,tajon-buchanan,10089858,Karlox F.C.,1765433206,2025-12-11T06:06:46+00:00,7111111,market,,,,
38847,,,8127478,Arregui,1765433206,2025-12-11T06:06:46+00:00,2200000,market,,,,
1971,Jordán,joan-jordan,5684093,CD Cornisa Azul,1765433206,2025-12-11T06:06:46+00:00,465214,market,,,,
10040,Balde,alejandro-balde,8128710,Los vengadores,1765260532,2025-12-09T06:08:52+00:00,5360000,market,,,,
34111,Gerard Martín,gerard-martin,10089858,Karlox F.C.,1757049369,2025-09-05T05:16:09+00:00,1266666,market,1765087635,2025-12-07T06:07:15+00:00,6822272,Ricardo J
34111,Gerard Martín,gerard-martin,6822272,Ricardo J,1765087635,2025-12-07T06:07:15+00:00,4370000,market,,,,
27591,Aimar Oroz,aimar-oroz,8128710,Los vengadores,1756098562,2025-08-25T05:09:22+00:00,5830000,market,1764914666,2025-12-05T06:04:26+00:00,10089858,Karlox F.C.
27591,Aimar Oroz,aimar-oroz,10089858,Karlox F.C.,1764914666,2025-12-05T06:04:26+00:00,4080000,market,,,,
37724,Mendoza,rodrigo-mendoza,6822272,Ricardo J,1760764048,2025-10-18T05:07:28+00:00,2550000,market,1764914666,2025-12-05T06:04:26+00:00,6826480,Víctor Orta
37724,Mendoza,rodrigo-mendoza,6826480,Víctor Orta,1764914666,2025-12-05T06:04:26+00:00,2100000,market,,,,
19614,Natan,natan,8128710,Los vengadores,1764828394,2025-12-04T06:06:34+00:00,2880000,market,,,,
2635,Domingos Duarte,domingos-duarte,8127478,Arregui,1764741950,2025-12-03T06:05:50+00:00,1510000,market,,,,
30210,Jauregizar,mikel-jauregizar,11678835,Julia,1764741950,2025-12-03T06:05:50+00:00,3480000,market,,,,
12221,Pepelu,pepelu,11678835,Julia,1764569211,2025-12-01T06:06:51+00:00,2170000,market,,,,
31321,Starfelt,carl-starfelt,8127478,Arregui,1761282582,2025-10-24T05:09:42+00:00,900000,market,1764569211,2025-12-01T06:06:51+00:00,11678835,Julia
31321,Starfelt,carl-starfelt,11678835,Julia,1764569211,2025-12-01T06:06:51+00:00,1010000,market,,,,
1969,Unai López,unai-lopez,8128710,Los vengadores,1758431318,2025-09-21T05:08:38+00:00,2251000,market,1764482759,2025-11-30T06:05:59+00:00,6826480,Víctor Orta
1969,Unai López,unai-lopez,6826480,Víctor Orta,1764482759,2025-11-30T06:05:59+00:00,1490000,market,,,,
26048,Tchouameni,tchouameni,8128710,Los vengadores,1756012112,2025-08-24T05:08:32+00:00,6500020,market,1761804446,2025-10-30T06:07:26+00:00,6822272,Ricardo J
26048,Tchouameni,tchouameni,6822272,Ricardo J,1761804446,2025-10-30T06:07:26+00:00,6620000,market,1764396484,2025-11-29T06:08:04+00:00,8127478,Arregui
26048,Tchouameni,tchouameni,8127478,Arregui,1764396484,2025-11-29T06:08:04+00:00,6500010,market,,,,
38964,Alexis Sánchez,alexis-sanchez,5684093,CD Cornisa Azul,1757912895,2025-09-15T05:08:15+00:00,3862570,market,1764310013,2025-11-28T06:06:53+00:00,6826480,Víctor Orta
38964,Alexis Sánchez,alexis-sanchez,6826480,Víctor Orta,1764310013,2025-11-28T06:06:53+00:00,2700000,market,,,,
3259,Miguel Román,miguel-roman,10089858,Karlox F.C.,1764310013,2025-11-28T06:06:53+00:00,228888,market,,,,
257,,,8128710,Los vengadores,1755752911,2025-08-21T05:08:31+00:00,3661000,market,1760331952,2025-10-13T05:05:52+00:00,8128710,Los vengadores
257,,,8128710,Los vengadores,1760331952,2025-10-13T05:05:52+00:00,5990000,market,1764223524,2025-11-27T06:05:24+00:00,8128710,Los vengadores
257,,,8128710,Los vengadores,1764223524,2025-11-27T06:05:24+00:00,7080000,market,,,,
38390,,,8128710,Los vengadores,1764137318,2025-11-26T06:08:38+00:00,762000,market,,,,
26813,Marcão,marcao,8128710,Los vengadores,1764137318,2025-11-26T06:08:38+00:00,768000,market,,,,
2253,Rüdiger,rudiger,6822272,Ricardo J,1764050976,2025-11-25T06:09:36+00:00,2660000,market,,,,
91,Mayoral,borja-mayoral,8127478,Arregui,1758085491,2025-09-17T05:04:51+00:00,3700000,market,1764050976,2025-11-25T06:09:36+00:00,6822272,Ricardo J
91,Mayoral,borja-mayoral,6822272,Ricardo J,1764050976,2025-11-25T06:09:36+00:00,5365000,market,,,,
20969,Germán Valera,german-valera,8128710,Los vengadores,1760936994,2025-10-20T05:09:54+00:00,4358000,market,1764050976,2025-11-25T06:09:36+00:00,6822272,Ricardo J
20969,Germán Valera,german-valera,6822272,Ricardo J,1764050976,2025-11-25T06:09:36+00:00,3100000,market,,,,
10745,Guedes,guedes,10089858,Karlox F.C.,1755407363,2025-08-17T05:09:23+00:00,5777777,market,1763964475,2025-11-24T06:07:55+00:00,5684093,CD Cornisa Azul
10745,Guedes,guedes,5684093,CD Cornisa Azul,1763964475,2025-11-24T06:07:55+00:00,2742000,market,,,,
34077,Marc Bernal,marc-bernal,10089858,Karlox F.C.,1763877931,2025-11-23T06:05:31+00:00,788888,market,,,,
21068,Rafa Marín,rafa-marin,10089858,Karlox F.C.,1759468179,2025-10-03T05:09:39+00:00,4111111,market,1763705123,2025-11-21T06:05:23+00:00,6826480,Víctor Orta
21068,Rafa Marín,rafa-marin,6826480,Víctor Orta,1763705123,2025-11-21T06:05:23+00:00,3750000,market,,,,
35156,Pau Navarro,pau-navarro,10089858,Karlox F.C.,1763705123,2025-11-21T06:05:23+00:00,511111,market,,,,
20,Eric García,eric-garcia,6822272,Ricardo J,1760245655,2025-10-12T05:07:35+00:00,6170000,market,1763359789,2025-11-17T06:09:49+00:00,10089858,Karlox F.C.
20,Eric García,eric-garcia,10089858,Karlox F.C.,1763359789,2025-11-17T06:09:49+00:00,7222222,market,,,,
11610,Brais Méndez,brais-mendez,8128710,Los vengadores,1763273314,2025-11-16T06:08:34+00:00,4160000,market,,,,
2169,Bigas,bigas,6826480,Víctor Orta,1763020862,2025-11-13T08:01:02+00:00,3300000,market,,,,
12403,,,6822272,Ricardo J,1763020862,2025-11-13T08:01:02+00:00,2770000,market,,,,
1733,Camavinga,e-camavinga,11678835,Julia,1762927436,2025-11-12T06:03:56+00:00,4520000,market,,,,
33447,Jon Martín,jon-martin,11678835,Julia,1755148418,2025-08-14T05:13:38+00:00,2690000,market,1762927436,2025-11-12T06:03:56+00:00,10089858,Karlox F.C.
33447,Jon Martín,jon-martin,10089858,Karlox F.C.,1762927436,2025-11-12T06:03:56+00:00,1333333,market,,,,
1721,Manu Sánchez,manu-sanchez,6822272,Ricardo J,1760245655,2025-10-12T05:07:35+00:00,1885000,market,1762841482,2025-11-11T06:11:22+00:00,6822272,Ricardo J
1721,Manu Sánchez,manu-sanchez,6822272,Ricardo J,1762841482,2025-11-11T06:11:22+00:00,1620000,market,,,,
25384,Tenaglia,nahuel-tenaglia,6822272,Ricardo J,1762841482,2025-11-11T06:11:22+00:00,2925000,market,,,,
1083,Koke,koke,6822272,Ricardo J,1759468179,2025-10-03T05:09:39+00:00,3190000,market,1761545463,2025-10-27T06:11:03+00:00,8128710,Los vengadores
1083,Koke,koke,8128710,Los vengadores,1761545463,2025-10-27T06:11:03+00:00,3978000,market,1762668434,2025-11-09T06:07:14+00:00,6822272,Ricardo J
1083,Koke,koke,6822272,Ricardo J,1762668434,2025-11-09T06:07:14+00:00,4670000,market,,,,
1876,Denis Suárez,denis-suarez,6826480,Víctor Orta,1757912895,2025-09-15T05:08:15+00:00,1550000,market,1762668434,2025-11-09T06:07:14+00:00,6822272,Ricardo J
1876,Denis Suárez,denis-suarez,6822272,Ricardo J,1762668434,2025-11-09T06:07:14+00:00,1610000,market,,,,
15462,Gorosabel,a-gorosabel,10089858,Karlox F.C.,1762668434,2025-11-09T06:07:14+00:00,350000,market,,,,
38189,Pétrot,leo-petrot,8128710,Los vengadores,1755148418,2025-08-14T05:13:38+00:00,641000,market,1762582107,2025-11-08T06:08:27+00:00,10089858,Karlox F.C.
38189,Pétrot,leo-petrot,10089858,Karlox F.C.,1762582107,2025-11-08T06:08:27+00:00,440010,market,,,,
38960,,,8128710,Los vengadores,1762582107,2025-11-08T06:08:27+00:00,806000,market,,,,
21084,Ilaix Moriba,ilaix-moriba,6826480,Víctor Orta,1762409163,2025-11-06T06:06:03+00:00,2560000,market,,,,
38073,Alex Sancris,alex-sancris,5684093,CD Cornisa Azul,1762322730,2025-11-05T06:05:30+00:00,351000,market,,,,
35606,El-Abdellaoui,el-abdellaoui,5684093,CD Cornisa Azul,1762322730,2025-11-05T06:05:30+00:00,265000,market,,,,
25724,,,8128710,Los vengadores,1757135212,2025-09-06T05:06:52+00:00,6160000,market,1762322730,2025-11-05T06:05:30+00:00,6826480,Víctor Orta
25724,,,6826480,Víctor Orta,1762322730,2025-11-05T06:05:30+00:00,7970000,market,,,,
37723,Salinas,jose-salinas,10089858,Karlox F.C.,1762236821,2025-11-04T06:13:41+00:00,230010,market,,,,
26678,Christensen,christensen,8128710,Los vengadores,1754716029,2025-08-09T05:07:09+00:00,810050,market,1758863266,2025-09-26T05:07:46+00:00,6822272,Ricardo J
26678,Christensen,christensen,6822272,Ricardo J,1758863266,2025-09-26T05:07:46+00:00,1620000,market,1762236821,2025-11-04T06:13:41+00:00,8127478,Arregui
26678,Christensen,christensen,8127478,Arregui,1762236821,2025-11-04T06:13:41+00:00,1970000,market,,,,
37450,Alemão,alemao,11678835,Julia,1762150145,2025-11-03T06:09:05+00:00,1530000,market,,,,
23572,Rubén Sánchez,ruben-sanchez,6822272,Ricardo J,1762063581,2025-11-02T06:06:21+00:00,1785000,market,,,,
19485,Torró,lucas-torro,6826480,Víctor Orta,1761890701,2025-10-31T06:05:01+00:00,2700000,market,,,,
37453,,,8127478,Arregui,1761890701,2025-10-31T06:05:01+00:00,630000,market,,,,
20102,Kubo,takefusa-kubo,6822272,Ricardo J,1761890701,2025-10-31T06:05:01+00:00,5415000,market,,,,
34483,Pedro Díaz,pedro-diaz,6822272,Ricardo J,1761804446,2025-10-30T06:07:26+00:00,1710000,market,,,,
35283,,,8128710,Los vengadores,1755234532,2025-08-15T05:08:52+00:00,1210000,market,1761804446,2025-10-30T06:07:26+00:00,11678835,Julia
35283,,,11678835,Julia,1761804446,2025-10-30T06:07:26+00:00,560000,market,,,,
23403,Mingueza,oscar-mingueza,8127478,Arregui,1761804446,2025-10-30T06:07:26+00:00,4130000,market,,,,
38308,Dolan,dolan,5684093,CD Cornisa Azul,1761718359,2025-10-29T06:12:39+00:00,2062000,market,,,,
2184,Ryan,ryan,5684093,CD Cornisa Azul,1761631830,2025-10-28T06:10:30+00:00,3265102,market,,,,
4703,Iñaki Peña,inaki-pena,8128710,Los vengadores,1761631830,2025-10-28T06:10:30+00:00,1668000,market,,,,
15430,Joan García,joan-garcia,6822272,Ricardo J,1761545463,2025-10-27T06:11:03+00:00,6555000,market,,,,
19192,Agirrezabala,julen-agirrezabala,6822272,Ricardo J,1761545463,2025-10-27T06:11:03+00:00,3450000,market,,,,
1871,Mendy,ferland-mendy,8128710,Los vengadores,1761545463,2025-10-27T06:11:03+00:00,190000,market,,,,
26276,Ratiu,andrei-ratiu,10089858,Karlox F.C.,1754716029,2025-08-09T05:07:09+00:00,5111111,market,1761458837,2025-10-26T06:07:17+00:00,5684093,CD Cornisa Azul
26276,Ratiu,andrei-ratiu,5684093,CD Cornisa Azul,1761458837,2025-10-26T06:07:17+00:00,3866000,market,,,,
25778,Iker Benito,iker-benito,8127478,Arregui,1758863266,2025-09-26T05:07:46+00:00,900000,market,1761458837,2025-10-26T06:07:17+00:00,10089858,Karlox F.C.
25778,Iker Benito,iker-benito,10089858,Karlox F.C.,1761458837,2025-10-26T06:07:17+00:00,955555,market,,,,
37466,,,8128710,Los vengadores,1761368807,2025-10-25T05:06:47+00:00,390000,market,,,,
37467,Nobel Mendy,nobel-mendy,6822272,Ricardo J,1761196192,2025-10-23T05:09:52+00:00,525000,market,,,,
1309,,,8128710,Los vengadores,1761196192,2025-10-23T05:09:52+00:00,150010,market,,,,
1676,Giménez,jose-gimenez,6822272,Ricardo J,1761109560,2025-10-22T05:06:00+00:00,2180000,market,,,,
34805,Juan Musso,juan-musso,8128710,Los vengadores,1761023318,2025-10-21T05:08:38+00:00,150020,market,,,,
30495,Moleiro,alberto-moleiro,8127478,Arregui,1761023318,2025-10-21T05:08:38+00:00,4080000,market,,,,
30141,Herrando,jorge-herrando,6822272,Ricardo J,1760936994,2025-10-20T05:09:54+00:00,215000,market,,,,
24509,Danjuma,arnaut-danjuma,8128710,Los vengadores,1760936994,2025-10-20T05:09:54+00:00,5260000,market,,,,
38963,Batista,batista-mendy,6826480,Víctor Orta,1760504917,2025-10-15T05:08:37+00:00,2230000,market,,,,
33,Álvaro García,alvaro-garcia,6822272,Ricardo J,1756098562,2025-08-25T05:09:22+00:00,5590000,market,1760418477,2025-10-14T05:07:57+00:00,11678835,Julia
33,Álvaro García,alvaro-garcia,11678835,Julia,1760418477,2025-10-14T05:07:57+00:00,6170000,market,,,,
38423,,,8128710,Los vengadores,1756703027,2025-09-01T05:03:47+00:00,210000,market,1760418477,2025-10-14T05:07:57+00:00,6826480,Víctor Orta
38423,,,6826480,Víctor Orta,1760418477,2025-10-14T05:07:57+00:00,290000,market,,,,
1780,Foulquier,foulquier,6826480,Víctor Orta,1760418477,2025-10-14T05:07:57+00:00,980000,market,,,,
18916,Gudelj,nemanja-gudelj,11678835,Julia,1760418477,2025-10-14T05:07:57+00:00,1310000,market,,,,
38527,Arnau Tenas,arnau-tenas,6822272,Ricardo J,1760159231,2025-10-11T05:07:11+00:00,1180000,market,,,,
10574,Carreira,sergio-carreira,8128710,Los vengadores,1760159231,2025-10-11T05:07:11+00:00,1056000,market,,,,
9763,Januzaj,januzaj,5684093,CD Cornisa Azul,1760072651,2025-10-10T05:04:11+00:00,525000,market,,,,
37739,De la Fuente,a-de-la-fuente,6822272,Ricardo J,1760072651,2025-10-10T05:04:11+00:00,1565000,market,,,,
2044,Ceballos,dani-ceballos,8128710,Los vengadores,1759986552,2025-10-09T05:09:12+00:00,1820020,market,,,,
38966,Nico González,nico-gonzalez-2,5684093,CD Cornisa Azul,1759899923,2025-10-08T05:05:23+00:00,7265000,market,,,,
38854,Oluwaseyi,tani-oluwaseyi,5684093,CD Cornisa Azul,1759899923,2025-10-08T05:05:23+00:00,2110850,market,,,,
38355,Neto,martim-neto,8127478,Arregui,1756357653,2025-08-28T05:07:33+00:00,940000,market,1759899923,2025-10-08T05:05:23+00:00,10089858,Karlox F.C.
38355,Neto,martim-neto,10089858,Karlox F.C.,1759899923,2025-10-08T05:05:23+00:00,1330010,market,,,,
38449,Rego,rego,5684093,CD Cornisa Azul,1759813730,2025-10-07T05:08:50+00:00,510000,market,,,,
30510,Abde Rebbach,abde-rebbach,8128710,Los vengadores,1759727514,2025-10-06T05:11:54+00:00,388000,market,,,,
23880,,,5684093,CD Cornisa Azul,1758258293,2025-09-19T05:04:53+00:00,2550000,market,1759727514,2025-10-06T05:11:54+00:00,8128710,Los vengadores
23880,,,8128710,Los vengadores,1759727514,2025-10-06T05:11:54+00:00,2912000,market,,,,
2597,Fornals,fornals,8128710,Los vengadores,1754975391,2025-08-12T05:09:51+00:00,4660000,market,1756617008,2025-08-31T05:10:08+00:00,8128710,Los vengadores
2597,Fornals,fornals,8128710,Los vengadores,1756617008,2025-08-31T05:10:08+00:00,5100020,market,1759640843,2025-10-05T05:07:23+00:00,8127478,Arregui
2597,Fornals,fornals,8127478,Arregui,1759640843,2025-10-05T05:07:23+00:00,7800000,market,,,,
10276,Cucho,cucho,5684093,CD Cornisa Azul,1759640843,2025-10-05T05:07:23+00:00,8125000,market,,,,
23809,John Donald,john-donald,8128710,Los vengadores,1759554623,2025-10-04T05:10:23+00:00,566000,market,,,,
6871,Odriozola,odriozola,6822272,Ricardo J,1759381791,2025-10-02T05:09:51+00:00,410000,market,,,,
1074,Yuri,yuri-berchiche,8128710,Los vengadores,1756703027,2025-09-01T05:03:47+00:00,2722000,market,1759381791,2025-10-02T05:09:51+00:00,11678835,Julia
1074,Yuri,yuri-berchiche,11678835,Julia,1759381791,2025-10-02T05:09:51+00:00,3230000,market,,,,
12087,Diego Conde,diego-conde,5684093,CD Cornisa Azul,1759295147,2025-10-01T05:05:47+00:00,375000,market,,,,
1462,Moi Gómez,moi-gomez,8128710,Los vengadores,1759036132,2025-09-28T05:08:52+00:00,1416000,market,,,,
38075,Kervin Arriaga,kervin-arriaga,8128710,Los vengadores,1758863266,2025-09-26T05:07:46+00:00,371000,market,,,,
5717,Vesga,mikel-vesga,10089858,Karlox F.C.,1758776849,2025-09-25T05:07:29+00:00,600001,market,,,,
30477,Bellingham,jude-bellingham,5684093,CD Cornisa Azul,1758776849,2025-09-25T05:07:29+00:00,13810000,market,,,,
18173,Militão,eder-militao,8128710,Los vengadores,1755579961,2025-08-19T05:06:01+00:00,5730000,market,1758690482,2025-09-24T05:08:02+00:00,6822272,Ricardo J
18173,Militão,eder-militao,6822272,Ricardo J,1758690482,2025-09-24T05:08:02+00:00,6870000,market,,,,
34803,,,11678835,Julia,1758603938,2025-09-23T05:05:38+00:00,150000,market,,,,
19445,Luis Milla,luis-milla,11678835,Julia,1758603938,2025-09-23T05:05:38+00:00,8700000,market,,,,
37715,,,10089858,Karlox F.C.,1758603938,2025-09-23T05:05:38+00:00,150010,market,,,,
26566,Carlos Romero,carlos-romero,11678835,Julia,1758603938,2025-09-23T05:05:38+00:00,4322000,market,,,,
33971,Bretones,bretones,8128710,Los vengadores,1754716029,2025-08-09T05:07:09+00:00,1260020,market,1758517670,2025-09-22T05:07:50+00:00,8128710,Los vengadores
33971,Bretones,bretones,8128710,Los vengadores,1758517670,2025-09-22T05:07:50+00:00,1238000,market,,,,
38144,Egiluz,unai-egiluz,8128710,Los vengadores,1758258293,2025-09-19T05:04:53+00:00,152000,market,,,,
31243,Fermín,fermin-lopez,8128710,Los vengadores,1758258293,2025-09-19T05:04:53+00:00,5260000,market,,,,
23006,Cristian Rivero,cristian-rivero,8128710,Los vengadores,1758171809,2025-09-18T05:03:29+00:00,150000,market,,,,
38867,,,10089858,Karlox F.C.,1758085491,2025-09-17T05:04:51+00:00,2740010,market,,,,
16821,André Silva,andre-silva,6822272,Ricardo J,1756098562,2025-08-25T05:09:22+00:00,1680000,market,1757999377,2025-09-16T05:09:37+00:00,6822272,Ricardo J
16821,André Silva,andre-silva,6822272,Ricardo J,1757999377,2025-09-16T05:09:37+00:00,1870000,market,,,,
19577,Mbappé,mbappe,8128710,Los vengadores,1757999377,2025-09-16T05:09:37+00:00,24217640,market,,,,
32135,Hugo Álvarez,hugo-alvarez,11678835,Julia,1757826341,2025-09-14T05:05:41+00:00,2540000,market,,,,
15396,Brugué,roger-brugue,6826480,Víctor Orta,1755234532,2025-08-15T05:08:52+00:00,2060000,market,1757669621,2025-09-12T09:33:41+00:00,5684093,CD Cornisa Azul
15396,Brugué,roger-brugue,5684093,CD Cornisa Azul,1757669621,2025-09-12T09:33:41+00:00,1280000,transfer,,,,
38095,Davinchi,davinchi,6822272,Ricardo J,1755752911,2025-08-21T05:08:31+00:00,1280000,market,1757653405,2025-09-12T05:03:25+00:00,6826480,Víctor Orta
38095,Davinchi,davinchi,6826480,Víctor Orta,1757653405,2025-09-12T05:03:25+00:00,1503000,market,,,,
10117,Iván Villar,ivan-villar,6822272,Ricardo J,1757567101,2025-09-11T05:05:01+00:00,180000,market,,,,
26271,Yamal,lamine-yamal,8128710,Los vengadores,1757480960,2025-09-10T05:09:20+00:00,23670000,market,,,,
22073,,,6822272,Ricardo J,1757480960,2025-09-10T05:09:20+00:00,1945000,market,,,,
9047,Pere Milla,pere-milla,6826480,Víctor Orta,1757394603,2025-09-09T05:10:03+00:00,3950000,market,,,,
290,Manu Fernández,manu-fernandez,11678835,Julia,1757308083,2025-09-08T05:08:03+00:00,590000,market,,,,
32456,,,5684093,CD Cornisa Azul,1757308083,2025-09-08T05:08:03+00:00,500000,market,,,,
38072,Andrés Castrín,andres-castrin,6822272,Ricardo J,1757221682,2025-09-07T05:08:02+00:00,3280000,market,,,,
31493,Nyland,orjan-nyland,5684093,CD Cornisa Azul,1757049369,2025-09-05T05:16:09+00:00,2801100,market,,,,
9557,,,5684093,CD Cornisa Azul,1756962508,2025-09-04T05:08:28+00:00,850230,market,,,,
35763,Pablo García,pablo-garcia,11678835,Julia,1756962508,2025-09-04T05:08:28+00:00,3210000,market,,,,
31026,Azpilicueta,c-azpilicueta,5684093,CD Cornisa Azul,1756962508,2025-09-04T05:08:28+00:00,1645074,market,,,,
32338,Agoumé,lucien-agoume,5684093,CD Cornisa Azul,1756789768,2025-09-02T05:09:28+00:00,4725000,market,,,,
37713,,,8128710,Los vengadores,1756703027,2025-09-01T05:03:47+00:00,342000,market,,,,
30502,,,8128710,Los vengadores,1755061662,2025-08-13T05:07:42+00:00,7020000,market,1756617008,2025-08-31T05:10:08+00:00,5684093,CD Cornisa Azul
30502,,,5684093,CD Cornisa Azul,1756617008,2025-08-31T05:10:08+00:00,5211000,market,,,,
17442,Rioja,luis-rioja,8128710,Los vengadores,1756530516,2025-08-30T05:08:36+00:00,3946000,market,,,,
18399,,,11678835,Julia,1756530516,2025-08-30T05:08:36+00:00,3240000,market,,,,
19547,Baena,alex-baena,6822272,Ricardo J,1754802424,2025-08-10T05:07:04+00:00,14100000,market,1756530516,2025-08-30T05:08:36+00:00,6822272,Ricardo J
19547,Baena,alex-baena,6822272,Ricardo J,1756530516,2025-08-30T05:08:36+00:00,10225000,market,,,,
17148,Pol Lozano,pol-lozano,6822272,Ricardo J,1756444064,2025-08-29T05:07:44+00:00,1730000,market,,,,
28082,Mumin,abdul-mumin,6822272,Ricardo J,1756271466,2025-08-27T05:11:06+00:00,420000,market,,,,
34702,,,6822272,Ricardo J,1756271466,2025-08-27T05:11:06+00:00,1590000,market,,,,
5678,Diego Rico,diego-rico,8128710,Los vengadores,1756271466,2025-08-27T05:11:06+00:00,3108000,market,,,,
1868,Morales,morales,6822272,Ricardo J,1756098562,2025-08-25T05:09:22+00:00,2460000,market,,,,
19297,Rafa Mir,rafa-mir,8128710,Los vengadores,1756012112,2025-08-24T05:08:32+00:00,2110000,market,,,,
37458,,,5684093,CD Cornisa Azul,1756012112,2025-08-24T05:08:32+00:00,1740000,market,,,,
25400,Sotelo,hugo-sotelo,8128710,Los vengadores,1755925573,2025-08-23T05:06:13+00:00,346000,market,,,,
30493,Sergi Cardona,sergi-cardona,10089858,Karlox F.C.,1755925573,2025-08-23T05:06:13+00:00,5333333,market,,,,
33804,,,10089858,Karlox F.C.,1755839361,2025-08-22T05:09:21+00:00,150010,market,,,,
17057,Sancet,sancet,5684093,CD Cornisa Azul,1755839361,2025-08-22T05:09:21+00:00,8210630,market,,,,
26299,Manu Bueno,manu-bueno,6822272,Ricardo J,1755839361,2025-08-22T05:09:21+00:00,155000,market,,,,
12400,Vivian,dani-vivian,10089858,Karlox F.C.,1755752911,2025-08-21T05:08:31+00:00,6777777,market,,,,
34131,,,8128710,Los vengadores,1755752911,2025-08-21T05:08:31+00:00,310000,market,,,,
32120,Johnny,johnny-cardoso,5684093,CD Cornisa Azul,1755666562,2025-08-20T05:09:22+00:00,7121180,market,,,,
28103,El Hilali,omar-el-hilali,5684093,CD Cornisa Azul,1755666562,2025-08-20T05:09:22+00:00,3344550,market,,,,
10245,,,11678835,Julia,1755579961,2025-08-19T05:06:01+00:00,3170000,market,,,,
23280,,,10089858,Karlox F.C.,1755579961,2025-08-19T05:06:01+00:00,4777777,market,,,,
34488,Ricardo Rodríguez,r-rodriguez,10089858,Karlox F.C.,1755579961,2025-08-19T05:06:01+00:00,750000,market,,,,
35705,Bekhoucha,bekhoucha,8128710,Los vengadores,1755493792,2025-08-18T05:09:52+00:00,156000,market,,,,
25592,Cömert,eray-comert,6822272,Ricardo J,1755493792,2025-08-18T05:09:52+00:00,150000,market,,,,
20702,Ronald Araújo,ronald-araujo,6822272,Ricardo J,1755407363,2025-08-17T05:09:23+00:00,4675000,market,,,,
1874,Pau López,pau-lopez,8128710,Los vengadores,1755320901,2025-08-16T05:08:21+00:00,1466000,market,,,,
4245,Pablo Martínez,pablo-martinez,6826480,Víctor Orta,1755234532,2025-08-15T05:08:52+00:00,2850000,market,,,,
37741,Pampín,diego-pampin,6826480,Víctor Orta,1755234532,2025-08-15T05:08:52+00:00,590000,market,,,,
25394,,,6826480,Víctor Orta,1755234532,2025-08-15T05:08:52+00:00,160000,market,,,,
11633,Raba,raba,11678835,Julia,1755148418,2025-08-14T05:13:38+00:00,7930000,market,,,,
26930,Raphinha,raphinha,8127478,Arregui,1755061662,2025-08-13T05:07:42+00:00,19100000,market,,,,
17021,Unai Simón,unai-simon,11678835,Julia,1755061662,2025-08-13T05:07:42+00:00,6190000,market,,,,
9966,,,6822272,Ricardo J,1755061662,2025-08-13T05:07:42+00:00,3250000,market,,,,
32134,Batalla,augusto-batalla,6822272,Ricardo J,1754975391,2025-08-12T05:09:51+00:00,4770000,market,,,,
8376,Zubeldia,zubeldia,8128710,Los vengadores,1754975391,2025-08-12T05:09:51+00:00,2850020,market,,,,
11,David Soria,david-soria,10089858,Karlox F.C.,1754888743,2025-08-11T05:05:43+00:00,5111111,market,,,,
33938,Sannadi,maroan-sannadi,10089858,Karlox F.C.,1754802424,2025-08-10T05:07:04+00:00,3099999,market,,,,
33516,,,8128710,Los vengadores,1754716029,2025-08-09T05:07:09+00:00,3710020,market,,,,
24474,Robert Navarro,robert-navarro,10089858,Karlox F.C.,1754716029,2025-08-09T05:07:09+00:00,1888888,market,,,,
33972,,,10089858,Karlox F.C.,1754716029,2025-08-09T05:07:09+00:00,770000,market,,,,
29678,,,8128710,Los vengadores,1754716029,2025-08-09T05:07:09+00:00,920030,market,,,,
