id,name,slug,teamID,position,price,fantasyPrice,number,status,priceIncrement,playedHome,playedAway,points,pointsHome,pointsAway,pointsLastSeason,fitness_json,iconHero,altPositions,statusInfo,statusChange
17731,Catena,a-catena,93,2,3260000,14000000,24,ok,-70000,19,16,143,83,60,111,"[2,2,2,2,2]",,,,
37739,De la Fuente,a-de-la-fuente,10,2,3480000,8000000,4,ok,0,18,15,151,96,55,,"[2,6,11,6,""doubt""]",,,,
16606,Aitor Fernández,a-fernandez,93,1,210000,8000000,13,ok,-10000,1,1,12,6,6,10,"[null,null,6,6,null]",,,,
15462,Gorosabel,a-gorosabel,1,2,310000,10000000,2,ok,-10000,12,12,62,38,24,76,"[2,6,2,6,2]",,,,
24576,Sørloth,a-sorloth,2,4,5600000,32000000,9,ok,-50000,18,17,123,105,18,188,"[2,2,9,-2,""injured""]",i/p/hero/24576.png,,,
30510,Abde Rebbach,abde-rebbach,91,4,1640000,8000000,21,ok,0,17,13,99,50,49,20,"[6,6,6,6,6]",,[3],,
30505,Abqar,abdel-abqar,8,2,290000,10000000,3,ok,0,12,11,40,36,4,102,"[2,2,""sanctioned"",2,2]",,,,
25127,Ez Abde,abdessamad-ezzalzouli,87,4,14770000,17000000,10,doubt,0,15,14,196,98,98,122,"[9,6,6,9,13]",i/p/hero/25127.png,[3],Esguince de rodilla.,1781164808
28082,Mumin,abdul-mumin,70,2,190000,10000000,16,ok,0,2,1,4,2,2,112,"[2,0,null,null,null]",,,,
38961,Kamara,abu-kamara,8,4,150000,11000000,11,ok,0,8,4,10,6,4,,"[null,null,null,null,2]",,,,
37709,Boayar,adam-boayar,75,4,150000,7000000,32,ok,0,3,4,15,2,13,,"[null,""injured"",""injured"",""doubt"",""doubt""]",,[3],,
32464,Boiro,adama-boiro,1,2,150000,7000000,19,ok,0,7,7,24,14,10,48,"[2,null,2,null,2]",,,,
34034,Adrián,adrian,87,1,190000,9000000,13,ok,-10000,1,0,10,10,0,54,"[10,null,null,null,null]",,,,
38071,Adrián Liso,adrian-liso,8,4,300000,8000000,23,ok,0,14,14,86,36,50,,"[2,null,null,null,-2]",i/p/hero/38071.png,[3],,
17200,Aihen,aihen-munoz,13,2,210000,9000000,3,ok,0,10,11,49,31,18,50,"[2,11,null,null,null]",,,,
27591,Aimar Oroz,aimar-oroz,93,3,2360000,22000000,10,ok,-40000,16,15,110,68,42,201,"[2,2,2,2,2]",i/p/hero/27591.png,[4],,
27996,Paredes,aitor-paredes,1,2,320000,12000000,4,ok,-10000,8,11,66,24,42,82,"[2,null,null,null,null]",,,,
19141,Ruibal,aitor-ruibal,87,3,1370000,11000000,24,injured,-20000,13,14,107,66,41,90,"[""injured"",""injured"",null,-1,null]",i/p/hero/19141.png,"[2, 4]",Operación en el menisco externo de su rodilla derecha. Retorno estimado: Vuelta indefinida.,1778760048
35778,Akor Adams,akor-adams,17,4,2720000,8000000,9,ok,0,15,17,154,76,78,4,"[2,2,13,9,null]",,,,
38142,Matturro,alan-matturro,10,2,260000,8000000,3,ok,0,10,9,37,35,2,,"[null,null,null,6,-2]",,,,
32017,Alberto Dadie,alberto-dadie,13,4,150000,7000000,38,ok,0,0,0,0,0,0,,"[null,null,null,null,null]",,,,
30495,Moleiro,alberto-moleiro,19,3,9800000,23000000,20,ok,-150000,19,18,184,124,60,170,"[6,2,2,2,14]",i/p/hero/30495.png,[4],,
19860,Febas,aleix-febas,5,3,10450000,8000000,14,ok,0,17,19,196,118,78,,"[6,null,6,2,6]",,,,
10040,Balde,alejandro-balde,3,2,2540000,20000000,3,ok,10000,13,15,98,56,42,124,"[-2,6,-2,0,null]",i/p/hero/10040.png,,,
8517,Álex Primo,alejandro-primo,10,1,150000,7000000,32,ok,0,0,0,0,0,0,,"[""doubt"",""injured"",""injured"",""injured"",""injured""]",,,,
37450,Alemão,alemao,70,4,1940000,8000000,9,ok,0,14,12,76,56,20,,"[2,9,2,9,6]",,,,
10157,Aleñá,alena,91,3,420000,10000000,10,ok,-10000,17,17,72,38,34,58,"[null,null,null,""sanctioned"",2]",,[4],,
19547,Baena,alex-baena,2,3,5110000,38000000,10,ok,-120000,14,13,92,62,30,216,"[-2,6,null,6,null]",i/p/hero/19547.png,[4],,
897,Berenguer,alex-berenguer,1,4,1370000,25000000,7,ok,-20000,16,15,108,50,58,178,"[null,2,2,2,null]",,[3],,
39901,Freeman,alex-freeman,19,2,440000,10000000,3,ok,-10000,4,5,16,8,8,,"[null,null,-2,null,6]",,,,
34173,Álex Padilla,alex-padilla,1,1,150000,7000000,27,ok,0,0,2,-4,0,-4,30,"[2,null,null,null,null]",,,,
7003,Remiro,alex-remiro,13,1,2320000,16000000,1,ok,-50000,19,18,146,70,76,136,"[null,2,10,2,6]",,,,
38073,Alex Sancris,alex-sancris,8,4,160000,8000000,18,ok,0,11,7,27,15,12,,"[null,null,null,2,-2]",,[3],,
37499,Trent,alexander-arnold,15,2,2470000,33000000,12,ok,-60000,7,14,30,26,4,,"[null,0,2,-2,2]",,,,
38964,Alexis Sánchez,alexis-sanchez,17,4,1360000,18000000,10,ok,-20000,15,13,106,56,50,,"[2,2,2,6,9]",,[3],,
19285,Pacha Espino,alfonso-espino,70,2,920000,8000000,22,ok,-20000,16,14,76,36,40,40,"[2,0,2,2,2]",,[3],,
23842,Alfon González,alfonso-gonzales,19,4,620000,12000000,11,ok,-10000,7,13,46,8,38,117,"[null,2,null,2,null]",i/p/hero/23842.png,[3],,
2031,Pedraza,alfonso-pedraza,19,2,1080000,9000000,24,ok,-20000,14,13,93,52,41,36,"[6,null,2,null,6]",,[3],,
16992,Nyom,allan-nyom,8,3,160000,7000000,12,ok,0,9,6,28,20,8,40,"[6,2,6,null,null]",,[2],,
39769,Álvaro Arbeloa,alvaro-arbeloa,,5,3370000,20000000,0,ok,0,10,9,41,25,16,,"[3,3,3,0,3]",,,,
31707,Álvaro Carreras,alvaro-fernandez-2,15,2,2630000,17000000,18,ok,-50000,15,13,124,75,49,,"[2,null,2,null,null]",,,,
39966,Álvaro Fidalgo,alvaro-fidalgo,87,3,1030000,11000000,15,ok,-10000,5,4,38,22,16,,"[2,2,null,null,null]",,,,
33,Álvaro García,alvaro-garcia,70,4,2190000,16000000,18,ok,-30000,15,17,152,85,67,180,"[2,""doubt"",""doubt"",""doubt"",""injured""]",i/p/hero/33.png,[3],,
37719,Álvaro Núñez,alvaro-nunez,5,2,780000,8000000,14,ok,-10000,13,12,78,54,24,,"[null,null,null,2,2]",,[3],,
29908,Álvaro Rodríguez,alvaro-rodriguez,75,4,2940000,8000000,20,ok,0,16,18,161,87,74,50,"[13,10,2,9,-2]",,,,
30487,Álvaro Valles,alvaro-valles,87,1,2070000,10000000,1,ok,-40000,14,14,96,40,56,,"[null,2,2,6,6]",i/p/hero/30487.png,,,
17369,Guevara,ander-guevara,91,3,200000,9000000,6,ok,0,12,13,53,14,39,82,"[0,null,null,2,2]",,,,
33921,Ander Yoldi,ander-yoldi,93,4,150000,7000000,8,ok,0,0,0,0,0,0,,"[null,null,null,null,null]",,[3],,
27929,André Almeida,andre-almeida-2,18,3,480000,12000000,10,ok,-10000,13,9,32,12,20,88,"[0,2,null,null,null]",,[4],,
16821,André Silva,andre-silva,75,4,2290000,10000000,9,ok,-40000,13,18,98,36,62,,"[2,2,2,2,9]",,,,
26276,Ratiu,andrei-ratiu,70,2,5640000,16000000,2,ok,-40000,18,17,162,100,62,192,"[2,6,2,6,2]",i/p/hero/26276.png,,,
38072,Andrés Castrín,andres-castrin,17,2,1390000,8000000,32,ok,-30000,10,9,91,57,34,,"[null,6,6,15,6]",,,,
15289,Lunin,andriy-lunin,15,1,1380000,13000000,13,ok,-10000,4,3,26,8,18,18,"[null,null,null,null,6]",,,,
30334,Fortuño,angel-fortuno,7,1,150000,7000000,1,ok,0,1,0,6,6,0,,"[6,null,null,null,null]",,,,
35765,Angel Ortiz,angel-ortiz,87,2,160000,8000000,40,ok,-10000,6,7,26,16,10,26,"[null,""injured"",""injured"",""injured"",""injured""]",,,,
39885,Ángel Pérez,angel-perez,91,4,2040000,7000000,7,ok,-40000,8,8,75,40,35,,"[2,2,6,6,6]",,"[2, 3]",,
18398,Budimir,ante-budimir,93,4,15200000,33000000,17,ok,0,19,18,193,126,67,243,"[2,6,-2,9,6]",i/p/hero/18398.png,,,
41200,Anthony Gordon,anthony-gordon,3,4,12770000,41000000,18,ok,10000,0,0,0,0,0,,[],,,,
1612,Antonio Blanco,antonio-blanco,91,3,3610000,12000000,8,ok,0,18,18,152,92,60,105,"[2,6,6,2,10]",,,,
33705,Antoniu Roca,antoniu-roca,7,4,150000,7000000,20,ok,0,7,6,24,14,10,72,"[2,2,6,null,2]",,[3],,
35770,Antony,antony,87,4,10290000,37000000,7,ok,-200000,17,15,126,72,54,113,"[6,2,6,9,6]",i/p/hero/35770.png,[3],,
31027,Arda Güler,arda-guler,15,3,6780000,25000000,15,ok,-40000,18,15,146,80,66,84,"[2,""doubt"",""injured"",""injured"",""injured""]",i/p/hero/31027.png,,,
2016,Elustondo,aritz-elustondo,13,2,150000,9000000,6,ok,0,8,8,26,16,10,50,"[2,6,null,2,null]",,,,
38527,Arnau Tenas,arnau-tenas,19,1,990000,11000000,25,ok,-10000,5,5,40,18,22,,"[2,6,-2,2,6]",,,,
24509,Danjuma,arnaut-danjuma,18,4,880000,10000000,7,ok,-10000,16,14,91,54,37,84,"[null,null,null,null,2]",,[3],,
31475,Zakharyan,arsen-zakharyan,13,3,150000,9000000,21,ok,0,8,9,30,14,16,14,"[null,2,null,null,null]",,[4],,
32134,Batalla,augusto-batalla,70,1,2010000,15000000,13,ok,0,18,17,132,66,66,164,"[null,2,2,2,10]",,,,
2001,Ayoze,ayoze-perez,19,4,2620000,32000000,22,ok,-40000,13,12,73,35,38,233,"[16,2,-2,9,2]",i/p/hero/2001.png,,,
38361,Santamaria,b-santamaria,18,3,310000,12000000,22,ok,0,8,11,26,20,6,,"[null,null,null,null,null]",,,,
2219,Bakambu,bakambu,87,4,570000,8000000,11,ok,-10000,7,11,43,16,27,64,"[null,2,null,null,null]",,,,
38216,Roony,bardghji,3,4,2250000,8000000,19,ok,-60000,13,8,65,40,25,,"[null,2,-2,null,2]",,,,
2602,Barrenetxea,barrenetxea,13,3,2910000,13000000,7,ok,-60000,16,14,132,80,52,76,"[""doubt"",""injured"",2,10,2]",,[4],,
38963,Batista,batista-mendy,17,3,430000,13000000,19,ok,-10000,15,12,90,60,30,,"[null,null,null,null,6]",,,,
35705,Bekhoucha,bekhoucha,8,2,150000,7000000,31,ok,0,2,2,6,4,2,4,"[null,null,null,null,null]",,[3],,
14512,Belaid,belaid,2,3,150000,7000000,29,ok,0,0,2,4,0,4,,"[null,null,null,null,2]",,,,
21033,Beñat Prados,benat-prados,1,3,180000,15000000,24,ok,0,1,1,4,2,2,100,"[null,""injured"",""doubt"",""doubt"",""doubt""]",,,,
24979,Turrientes,benat-turrientes,13,3,940000,8000000,8,ok,0,15,12,88,58,30,46,"[2,2,0,null,2]",,,,
2169,Bigas,bigas,75,2,2370000,9000000,6,ok,-40000,14,14,124,74,50,,"[6,6,null,6,2]",,,,
19506,Bordalás,bordalas,8,5,830000,8000000,0,ok,0,19,19,51,27,24,42,"[3,0,3,1,0]",,,,
2009,Borja Iglesias,borja-iglesias,5,4,7760000,16000000,7,ok,-190000,18,17,188,104,84,173,"[2,-2,2,13,9]",i/p/hero/2009.png,,,
91,Mayoral,borja-mayoral,8,4,540000,13000000,9,ok,-10000,8,8,46,26,20,85,"[null,null,null,0,-2]",i/p/hero/91.png,,,
129,Brahim,brahim-diaz,15,4,3990000,23000000,21,ok,-90000,14,16,59,39,20,92,"[5,2,6,6,2]",i/p/hero/129.png,[3],,
11610,Brais Méndez,brais-mendez,13,3,2970000,16000000,23,ok,0,16,13,91,55,36,96,"[null,2,null,null,null]",i/p/hero/11610.png,[4],,
33971,Bretones,bretones,93,2,450000,9000000,23,ok,-10000,14,14,73,39,34,102,"[null,2,2,6,2]",,[3],,
40010,Sangaré,buba-sangare,75,2,150000,7000000,42,ok,0,5,7,32,12,20,,"[6,0,2,2,null]",,[3],,
31026,Azpilicueta,c-azpilicueta,17,2,390000,8000000,3,ok,-10000,9,8,60,32,28,47,"[2,null,2,null,null]",,,,
38275,Calebe,calebe,91,3,200000,8000000,20,ok,0,10,9,36,18,18,,"[null,null,null,null,null]",,[4],,
1952,Cancelo,cancelo,3,2,10870000,17000000,2,ok,-70000,9,7,88,64,24,,"[0,15,2,6,6]",,,,
31321,Starfelt,carl-starfelt,5,2,820000,11000000,2,doubt,-10000,9,10,71,31,40,115,"[""doubt"",""injured"",""injured"",""injured"",""injured""]",,,Hernia discal.,1779566430
28309,Carlos Álvarez,carlos-alvarez,10,3,1410000,12000000,24,ok,-20000,15,15,124,50,74,,"[""doubt"",""injured"",""injured"",""injured"",2]",,[4],,
30507,Benavidez,carlos-benavidez,91,3,150000,7000000,23,ok,0,7,6,17,9,8,40,"[2,0,2,2,""doubt""]",,[2],,
3446,Carlos Dominguez,carlos-dominguez,5,2,170000,8000000,24,ok,0,4,4,16,4,12,46,"[null,null,null,null,null]",,,,
37711,Espí,carlos-espi,10,4,9620000,7000000,19,ok,-180000,15,10,147,99,48,,"[9,13,2,6,9]",i/p/hero/37711.png,,,
39357,Carlos Maciá,carlos-macia,19,3,150000,7000000,37,ok,0,3,2,4,4,0,,"[0,null,null,null,null]",,,,
25158,Carlos Martín,carlos-martin,70,4,260000,8000000,14,ok,0,6,5,22,14,8,78,"[2,2,null,2,null]",,[3],,
26566,Carlos Romero,carlos-romero,7,2,7440000,12000000,22,ok,0,18,18,222,110,112,124,"[10,15,6,2,2]",i/p/hero/26566.png,,,
6837,Soler,carlos-soler,13,3,7430000,13000000,18,ok,0,16,17,114,42,72,,"[6,2,2,2,2]",,,,
1683,Carvajal,carvajal,15,2,2310000,13000000,2,ok,-30000,12,5,50,36,14,39,"[6,2,2,""injured"",""injured""]",,,,
40071,César Palacios,cesar-palacios,15,3,170000,8000000,38,ok,-10000,2,3,4,2,2,,"[null,null,0,0,0]",,,,
26592,Tárrega,cesar-tarrega,18,2,890000,14000000,5,ok,-10000,16,16,88,40,48,142,"[6,2,2,2,-2]",,,,
40045,Cestero,cestero,15,3,150000,7000000,28,ok,0,1,1,0,0,0,,"[null,null,null,null,null]",,,,
38528,Pickel,charles-pickel,7,3,150000,10000000,18,ok,0,11,13,37,20,17,,"[null,2,0,2,-2]",,,,
26678,Christensen,christensen,3,2,230000,12000000,15,ok,0,6,7,30,18,12,22,"[-2,null,""doubt"",""doubt"",""injured""]",,[3],,
1760,Chust,chust,75,2,1440000,11000000,23,ok,-20000,16,15,118,76,42,,"[6,15,2,2,2]",,,,
14615,Claudio Giráldez,claudio-giraldez,5,5,760000,9000000,0,ok,-10000,19,19,54,23,31,55,"[3,1,0,3,3]",,,,
38517,Riedel,clemens-riedel,7,2,250000,12000000,38,ok,-10000,8,12,58,28,30,,"[null,2,2,null,null]",,,,
26344,Copete,copete,18,2,310000,10000000,3,doubt,0,10,11,44,26,18,68,"[""injured"",""injured"",""injured"",""injured"",""injured""]",,,Lesión en el menisco de la rodilla izquierda.,1779620409
35316,Corberán,corberan,18,5,330000,8000000,0,ok,0,19,19,49,30,19,34,"[3,3,1,3,0]",,,,
23006,Cristian Rivero,cristian-rivero,18,1,150000,7000000,13,ok,0,0,1,-6,0,-6,,"[null,null,null,null,null]",,,,
10276,Cucho,cucho,87,4,7190000,31000000,19,ok,0,17,15,173,95,78,93,"[6,null,9,2,16]",,,,
39923,Cyril Ngonge,cyril-ngonge,7,4,270000,8000000,16,ok,0,4,5,22,8,14,,"[null,""doubt"",""doubt"",""doubt"",""injured""]",,[3],,
37725,Affengruber,d-affengruber,75,2,4350000,12000000,22,ok,-70000,17,19,151,99,52,,"[6,6,2,6,-2]",,,,
41021,Damián Cáceres,damian-caceres,8,3,200000,7000000,46,ok,0,2,1,6,4,2,,"[2,2,2]",,,,
22975,Dani Cárdenas,dani-cardenas,70,1,280000,8000000,1,ok,0,2,2,20,16,4,24,"[2,null,null,null,null]",,,,
2044,Ceballos,dani-ceballos,15,3,390000,15000000,19,ok,0,10,6,28,14,14,50,"[2,null,null,null,null]",,,,
14424,Dani Martínez,dani-martinez,2,2,150000,7000000,30,ok,0,0,1,2,0,2,,"[null,null,null,null,null]",,,,
34527,Dani Olmo,dani-olmo,3,3,11430000,37000000,20,ok,-120000,17,16,170,122,48,137,"[-2,6,2,6,2]",i/p/hero/34527.png,[4],,
12400,Vivian,dani-vivian,1,2,1440000,21000000,3,ok,0,14,17,85,41,44,190,"[2,""injured"",2,-2,null]",i/p/hero/12400.png,,,
21,David Alaba,david-alaba,15,2,430000,11000000,4,ok,0,6,5,6,4,2,8,"[2,null,2,null,null]",,,,
11,David Soria,david-soria,8,1,4790000,14000000,13,ok,0,19,19,180,90,90,164,"[6,2,2,6,2]",,,,
38095,Davinchi,davinchi,8,2,180000,7000000,26,ok,0,7,7,30,8,22,,"[0,2,2,2,-2]",,[3],,
37495,Huijsen,dean-huijsen,15,2,4330000,23000000,24,ok,-110000,15,13,74,39,35,,"[2,6,null,null,6]",,,,
1876,Denis Suárez,denis-suarez,91,3,660000,7000000,4,ok,-10000,15,15,88,46,42,36,"[2,2,6,6,2]",,,,
38875,Diangana,diangana,75,3,170000,8000000,19,ok,0,11,9,48,26,22,,"[null,2,2,2,null]",,[4],,
12087,Diego Conde,diego-conde,19,1,230000,10000000,13,ok,0,0,0,0,0,0,92,"[null,null,null,null,null]",,,,
1679,Diego Llorente,diego-llorente,87,2,2310000,12000000,3,ok,-30000,10,8,79,53,26,138,"[6,null,6,2,2]",,,,
27994,Diego López,diego-lopez-2,18,4,1030000,21000000,16,injured,-10000,17,17,102,56,46,156,"[6,6,9,2,2]",i/p/hero/27994.png,[3],Rotura del ligamento cruzado anterior de la rodilla derecha. Retorno estimado: Finales de Noviembre.,1779645609
37741,Pampín,diego-pampin,10,2,150000,8000000,6,ok,0,4,4,18,8,10,,"[null,null,2,null,2]",,,,
5678,Diego Rico,diego-rico,8,2,340000,11000000,16,ok,0,13,15,72,36,36,114,"[null,null,null,null,2]",,[3],,
9983,Djené,djene,8,2,770000,10000000,2,ok,-10000,16,18,88,34,54,112,"[null,-8,2,2,""sanctioned""]",,[3],,
31267,Sow,djibril-sow,17,3,2290000,10000000,20,ok,-40000,16,17,112,64,48,74,"[2,2,6,2,""sanctioned""]",,,,
9090,Dmitrovic,dmitrovic,7,1,2610000,13000000,13,ok,-60000,18,19,178,96,82,160,"[null,10,10,-2,6]",,,,
38308,Dolan,dolan,7,4,1260000,8000000,24,ok,-20000,18,18,115,60,55,,"[6,2,""sanctioned"",9,2]",,[3],,
2635,Domingos Duarte,domingos-duarte,8,2,1380000,9000000,22,ok,-30000,17,17,105,54,51,66,"[2,2,6,6,-2]",,,,
37399,Caleta-Car,duje-caleta-car,13,2,850000,16000000,16,ok,-10000,13,14,81,37,44,,"[null,null,2,2,2]",,,,
1733,Camavinga,e-camavinga,15,3,2660000,21000000,6,ok,-60000,14,15,68,30,38,70,"[null,2,-2,-2,0]",i/p/hero/1733.png,,,
18173,Militão,eder-militao,15,2,2430000,13000000,3,injured,-30000,9,7,90,47,43,45,"[""injured"",""injured"",""injured"",""injured"",""injured""]",i/p/hero/18173.png,,Lesión muscular en el bíceps femoral de su pierna izquierda. Retorno estimado: Finales de Septiembre.,1776938400
38236,Eder Sarabia,eder-sarabia,75,5,380000,7000000,0,ok,0,19,19,43,35,8,,"[1,3,0,1,0]",,,,
19862,Expósito,edu-exposito-2,7,3,4750000,12000000,8,ok,-80000,17,19,160,90,70,72,"[6,2,10,2,2]",,,,
33531,Ejuke,ejuke,17,4,1460000,9000000,21,ok,-30000,14,13,83,49,34,92,"[0,2,null,6,6]",,[3],,
35606,El-Abdellaoui,el-abdellaoui,5,4,290000,7000000,39,ok,0,12,10,70,46,24,,"[null,null,2,null,2]",,[3],,
33694,Boyomo,enzo-boyomo,93,2,2150000,15000000,22,ok,-40000,14,16,125,64,61,172,"[2,2,2,2,2]",,,,
25592,Cömert,eray-comert,18,2,920000,10000000,24,ok,-10000,6,11,58,38,20,30,"[null,-4,2,6,null]",,,,
20,Eric García,eric-garcia,3,2,11660000,18000000,24,ok,0,17,17,213,126,87,156,"[2,6,null,10,6]",i/p/hero/20.png,[3],,
26670,Ernesto Valverde,ernesto-valverde,1,5,610000,13000000,0,ok,-10000,19,19,45,30,15,70,"[0,1,0,0,3]",,,,
32435,Etta Eyong,etta-eyong,10,4,2360000,8000000,21,ok,-50000,18,15,103,58,45,13,"[2,0,null,13,2]",,,,
9811,Chimy Ávila,ezequiel-avila,87,4,300000,8000000,9,ok,0,7,9,21,11,10,36,"[2,2,null,null,0]",,[3],,
30801,Federico Gattoni,f-gattoni,17,2,150000,8000000,22,ok,0,1,0,2,2,0,,"[null,null,null,null,null]",,,,
38422,Redondo,f-redondo,75,3,150000,12000000,5,ok,0,7,5,-4,-6,2,,"[null,null,null,null,null]",,,,
38965,Cardoso,fabio-cardoso,17,2,150000,11000000,15,ok,0,1,3,16,6,10,,"[null,null,null,null,null]",,,,
35426,Facundo Garcés,facundo-garces,91,2,310000,8000000,2,discarded,0,4,6,40,16,24,34,"[""discarded"",""discarded"",""discarded"",""discarded"",""discarded""]",,,Sanción FIFA.,1772708400
9402,Valverde,fede-valverde,15,3,14000000,53000000,8,ok,-140000,17,16,152,92,60,224,"[2,null,""injured"",""injured"",6]",i/p/hero/9402.png,[2],,
35291,Fer López,fer-lopez,5,3,1900000,8000000,8,ok,-30000,8,9,74,28,46,70,"[6,2,2,2,6]",,[4],,
1871,Mendy,ferland-mendy,15,2,450000,12000000,23,injured,0,2,3,8,0,8,2,"[""injured"",""injured"",""injured"",""injured"",0]",,,Desgarro del tendón del recto femoral con separación ósea. Retorno estimado: Vuelta indefinida.,1777888800
31243,Fermín,fermin-lopez,3,3,10650000,21000000,16,doubt,-20000,16,14,188,124,64,128,"[""doubt"",6,""doubt"",6,10]",i/p/hero/31243.png,[4],Fractura en el quinto metatarsiano del pie derecho.,1779566430
11045,Calero,fernando-calero,7,2,900000,8000000,5,ok,0,14,14,88,56,32,49,"[6,2,""sanctioned"",2,2]",,,,
12526,Ferran Torres,ferran-torres,3,4,10580000,27000000,7,ok,0,15,18,184,113,71,132,"[2,""doubt"",2,13,13]",i/p/hero/12526.png,,,
38368,Filip Ugrinic,filip-ugrinic,18,3,870000,13000000,23,ok,-10000,13,14,84,44,40,,"[6,2,2,2,2]",,,,
2597,Fornals,fornals,87,3,13420000,15000000,8,ok,-200000,19,18,210,114,96,100,"[10,null,14,6,6]",i/p/hero/2597.png,,,
1780,Foulquier,foulquier,18,2,220000,10000000,20,doubt,0,8,7,24,10,14,88,"[""injured"",""injured"",""injured"",""injured"",""injured""]",,,Lesión en la rodilla.,1779620401
5220,Fran García,fran-garcia,15,2,1900000,16000000,20,ok,-40000,6,7,46,16,30,116,"[null,6,null,6,6]",,,,
10182,Fran González,fran-gonzalez,15,1,150000,7000000,26,ok,0,0,0,0,0,0,2,"[null,null,null,null,null]",,,,
27995,Fran Pérez,francisco-perez,70,4,260000,8000000,21,ok,0,16,13,72,50,22,50,"[null,2,2,6,null]",,[3],,
15921,Franco Cervi,franco-cervi,5,4,150000,7000000,11,ok,0,0,0,0,0,0,16,"[null,null,null,null,null]",,[3],,
18174,De Jong,frenkie-de-jong,3,3,7610000,26000000,21,ok,-50000,10,15,103,52,51,108,"[-2,""doubt"",null,2,6]",i/p/hero/18174.png,,,
11686,Lo Celso,g-lo-celso,87,3,4360000,24000000,20,ok,290000,12,12,96,52,44,124,"[2,2,6,null,2]",i/p/hero/11686.png,,,
38962,Mikautadze,g-mikautadze,19,4,10050000,38000000,9,ok,-210000,16,16,179,111,68,,"[9,null,9,2,16]",,,,
163,Guido Rodríguez,g-rodriguez,18,3,3700000,9000000,2,ok,-40000,8,8,76,44,32,,"[14,6,2,2,2]",,,,
30789,Giuliano Simeone,g-simeone,2,3,6110000,21000000,20,ok,0,18,13,126,76,50,139,"[-2,2,""doubt"",""doubt"",""injured""]",,[4],,
38194,Gabriel Suazo,gabriel-suazo,17,2,1170000,12000000,12,ok,-20000,13,16,68,28,40,,"[2,2,2,2,6]",,[3],,
19509,Marcelino,gaizka-garitano,,5,2030000,12000000,0,ok,0,19,19,72,46,26,70,"[3,0,0,1,3]",,,,
24732,Gavi,gavi,3,3,5960000,21000000,6,ok,-100000,5,6,62,26,36,94,"[2,6,null,6,10]",i/p/hero/24732.png,,,
1844,Gayà,gaya,18,2,1890000,16000000,14,ok,-30000,16,16,89,52,37,86,"[""doubt"",""injured"",2,2,2]",i/p/hero/1844.png,,,
34111,Gerard Martín,gerard-martin,3,2,5300000,11000000,18,ok,-50000,17,15,120,86,34,95,"[2,6,null,6,6]",,,,
1927,Gerard Moreno,gerard-moreno,19,4,9720000,16000000,7,ok,-70000,11,11,146,84,62,71,"[""doubt"",2,9,2,6]",i/p/hero/1927.png,,,
20969,Germán Valera,german-valera,75,3,8770000,8000000,11,ok,-220000,19,17,191,139,52,14,"[6,10,2,2,""sanctioned""]",,"[2, 4]",,
32042,Gonzalo García,gonzalo-garcia,15,4,2580000,10000000,16,ok,-50000,15,15,78,54,24,4,"[9,0,9,2,6]",,,,
25403,Gonzalo Villar,gonzalo-villar,75,3,1740000,8000000,12,ok,-40000,5,7,40,18,22,,"[2,6,2,6,-2]",,,,
1153,Griezmann,griezmann,2,4,6310000,31000000,7,ok,0,18,16,135,84,51,128,"[6,10,6,2,6]",i/p/hero/1153.png,[3],,
10745,Guedes,guedes,13,4,5650000,20000000,11,ok,-60000,17,15,132,86,46,,"[null,2,""injured"",""doubt"",""doubt""]",i/p/hero/10745.png,[3],,
2595,Gumbau,gumbau,70,3,240000,8000000,15,ok,0,12,16,56,28,28,56,"[2,null,6,2,6]",,,,
10158,Guridi,guridi,17,3,820000,10000000,18,ok,100000,12,16,72,26,46,113,"[2,6,6,6,2]",,,,
17056,Guruzeta,guruceta,1,4,3070000,16000000,11,ok,0,19,16,133,84,49,131,"[5,2,2,2,10]",i/p/hero/17056.png,,,
2247,Bellerín,h-bellerin,87,2,2810000,8000000,2,ok,-50000,14,13,108,66,42,18,"[2,2,6,2,6]",,,,
38290,Hancko,hancko,2,2,2600000,24000000,17,ok,-60000,16,14,106,74,32,,"[-2,6,2,2,null]",,,,
19244,Hansi Flick,hansi-flick,3,5,4390000,21000000,0,ok,0,19,19,94,57,37,88,"[0,3,0,3,3]",,,,
32460,Héctor Fort,hector-fort,75,2,1890000,8000000,39,ok,-30000,6,8,68,35,33,42,"[2,null,11,0,2]",,[3],,
32135,Hugo Álvarez,hugo-alvarez,5,3,1750000,10000000,23,ok,-30000,15,13,108,74,34,102,"[2,2,6,2,10]",,[4],,
6259,Hugo Duro,hugo-duro,18,4,2370000,18000000,9,ok,0,18,18,136,83,53,131,"[6,9,2,2,2]",,,,
25400,Sotelo,hugo-sotelo,5,3,440000,7000000,22,ok,-10000,10,10,64,32,32,64,"[null,null,2,null,null]",,,,
1523,Iago Aspas,iago-aspas,5,4,2580000,21000000,10,ok,-50000,17,15,117,82,35,167,"[2,2,2,2,9]",i/p/hero/1523.png,[3],,
40007,Diabate,ibrahim-diabate,91,4,410000,8000000,22,ok,-10000,5,5,36,19,17,,"[0,2,13,2,2]",,,,
25778,Iker Benito,iker-benito,93,3,170000,8000000,2,ok,0,3,3,24,16,8,4,"[null,null,null,0,null]",,[2],,
18128,Iker Muñoz,iker-munoz,93,3,220000,7000000,8,ok,0,7,12,52,22,30,38,"[null,2,null,2,null]",,,,
21084,Ilaix Moriba,ilaix-moriba,5,3,2670000,13000000,6,ok,0,17,19,146,64,82,127,"[14,6,null,6,2]",,,,
25159,Akhomach,ilias-akhomach,70,4,920000,12000000,12,ok,-10000,12,8,60,50,10,41,"[null,""injured"",""injured"",""injured"",null]",,[3],,
4703,Iñaki Peña,inaki-pena,75,1,430000,9000000,13,ok,-10000,8,8,64,36,28,80,"[null,null,null,null,null]",,,,
10292,Arguibide,inigo-arguibide,93,2,150000,7000000,41,ok,0,5,1,12,2,10,,"[null,null,null,null,null]",,,,
26780,Íñigo Pérez,inigo-perez-2,19,5,520000,8000000,0,ok,0,19,19,50,31,19,52,"[3,3,1,1,3]",,,,
41215,Iñigo Pérez,inigo-perez-3,,5,2030000,12000000,0,ok,0,0,0,0,0,0,,[],,,,
37600,Ionut Radu,ionut-radu,5,1,2080000,9000000,13,ok,0,19,19,148,54,94,,"[6,10,-2,10,2]",,,,
32363,Isaac Romero,isaac-romero,17,4,310000,10000000,7,ok,-10000,15,14,68,32,36,86,"[2,0,""doubt"",2,2]",i/p/hero/32363.png,[3],,
1249,Isco,isco,87,3,8670000,39000000,22,ok,0,5,3,31,14,17,159,"[6,9,2,2,2]",i/p/hero/1249.png,,,
5069,Isi Palazón,isi-palazon,70,4,1430000,16000000,7,sanctioned,-20000,16,15,129,77,52,136,"[""sanctioned"",""sanctioned"",""sanctioned"",""sanctioned"",""sanctioned""]",i/p/hero/5069.png,[3],7 partidos (6/7).,1777197600
37526,Iturbe,iturbe,75,1,160000,7000000,45,ok,0,0,0,0,0,0,,"[null,null,null,null,null]",,,,
21063,Balliu,ivan-balliu,70,2,190000,9000000,20,ok,0,7,7,26,8,18,64,"[2,null,2,null,6]",,[3],,
17937,Iván Romero,ivan-romero,10,4,2940000,8000000,9,ok,-70000,16,16,151,91,60,,"[6,2,0,""injured"",-2]",i/p/hero/17937.png,[3],,
10117,Iván Villar,ivan-villar,5,1,150000,8000000,1,ok,0,0,0,0,0,0,8,"[null,null,null,null,null]",,,,
34557,Julián Alvarez,j-alvarez,2,4,6230000,47000000,19,ok,-80000,15,14,70,56,14,183,"[""injured"",""doubt"",""doubt"",""doubt"",""injured""]",i/p/hero/34557.png,,,
37897,Gorrotxategi,j-gorrotxategi,13,3,1500000,8000000,4,ok,-10000,14,16,124,64,60,,"[null,""doubt"",6,6,2]",,,,
9763,Januzaj,januzaj,17,3,150000,8000000,24,ok,0,6,6,22,8,14,36,"[null,null,null,null,null]",,[4],,
14373,Boñar,javi-bonar,2,2,240000,7000000,32,ok,0,0,4,29,0,29,,"[2,null,null,null,6]",,,,
17645,Galán,javi-galan,93,2,2150000,12000000,20,ok,-40000,15,10,90,50,40,70,"[6,2,2,null,2]",,,,
12734,Javi Morcillo,javi-morcillo,2,3,150000,7000000,47,ok,0,2,3,18,8,10,,"[2,2,null,null,6]",,,,
16321,Javi Muñoz,javi-munoz,8,3,160000,11000000,14,ok,-10000,10,7,34,18,16,106,"[null,null,null,2,-2]",,,,
16317,Puado,javi-puado,7,4,460000,20000000,7,doubt,-20000,6,4,38,25,13,194,"[""doubt"",""injured"",""injured"",""injured"",""injured""]",i/p/hero/16317.png,[3],Rotura del ligamento cruzado anterior.,1779566412
30123,Javi Guerra,javier-guerra,18,3,3500000,18000000,8,ok,-80000,19,17,140,70,70,152,"[14,18,6,6,2]",,,,
33839,Javi Rodríguez,javier-rodriguez,5,2,1420000,12000000,32,ok,-20000,17,16,106,58,48,141,"[2,2,2,6,6]",,,,
33473,Javier Rueda,javier-rueda,5,2,840000,7000000,17,ok,-10000,14,12,92,49,43,,"[6,2,2,""sanctioned"",2]",,[3],,
38143,Toljan,jeremy-toljan,10,2,780000,8000000,22,ok,-10000,18,19,103,48,55,,"[2,2,2,-2,2]",,,,
8695,Areso,jesus-areso,1,2,360000,13000000,12,ok,-10000,11,15,64,42,22,136,"[null,null,2,null,2]",,,,
24734,Jesús Vázquez,jesus-vazquez,18,2,230000,8000000,21,ok,0,11,13,48,28,20,38,"[10,2,2,0,2]",,,,
34149,Letacek,jiri-letacek,8,1,150000,8000000,1,ok,0,0,0,0,0,0,,"[null,null,null,null,null]",,,,
15430,Joan García,joan-garcia,3,1,9660000,26000000,13,ok,0,16,14,220,116,104,204,"[null,6,null,6,10]",i/p/hero/15430.png,,,
1971,Jordán,joan-jordan,17,3,210000,12000000,8,ok,-10000,3,1,-2,-4,2,119,"[null,null,null,null,null]",,,,
25392,Jofre Carreras,jofre-carreras,7,3,290000,10000000,17,ok,0,13,13,66,34,32,116,"[6,null,2,2,-2]",,[4],,
23809,John Donald,john-donald,75,3,180000,7000000,18,ok,-10000,11,10,38,22,16,,"[2,0,2,2,2]",,[2],,
32120,Johnny,johnny-cardoso,2,3,710000,21000000,5,ok,-10000,6,9,24,12,12,148,"[""injured"",""injured"",""injured"",""injured"",null]",i/p/hero/32120.png,,,
29661,Olasagasti,jon-ander-olasagasti,10,3,2730000,7000000,8,ok,0,17,16,86,48,38,54,"[2,6,2,6,2]",,,,
32020,Aramburu,jon-aramburu,13,2,1690000,12000000,2,ok,-40000,18,17,119,60,59,119,"[2,2,6,""sanctioned"",2]",,,,
27625,Jon Karrikaburu,jon-karrikaburu,13,4,150000,7000000,19,ok,0,4,3,16,6,10,,"[null,null,""doubt"",""doubt"",""doubt""]",,,,
33447,Jon Martín,jon-martin,13,2,3090000,8000000,31,ok,-80000,13,12,120,55,65,42,"[null,2,11,6,6]",,,,
12424,Jon Pacheco,jon-pacheco,91,2,330000,9000000,5,doubt,-10000,9,13,69,38,31,20,"[""doubt"",null,null,null,null]",,,Artroscopia en el tobillo derecho.,1779566421
1599,Jonny Castro,jonny,91,2,760000,10000000,17,ok,-10000,17,17,92,42,50,,"[null,null,null,6,2]",,,,
18397,De Frutos,jorge-de-frutos,70,4,8120000,15000000,19,ok,-140000,19,17,182,104,78,168,"[2,6,2,2,2]",,[3],,
30141,Herrando,jorge-herrando,93,2,280000,8000000,5,ok,0,12,16,64,30,34,57,"[2,null,null,null,null]",,,,
22061,Josan,josan,75,3,210000,8000000,17,ok,-10000,12,7,46,34,12,,"[null,0,null,6,2]",,[2],,
27960,Carmona,jose-angel-carmona,17,2,1200000,11000000,2,ok,-20000,17,18,95,51,44,98,"[2,2,2,2,2]",,[3],,
1676,Giménez,jose-gimenez,2,2,920000,13000000,2,doubt,-10000,10,6,48,36,12,94,"[""injured"",""injured"",""injured"",0,""doubt""]",,,Recuperación de lesión.,1779688803
37723,Salinas,jose-salinas,7,2,160000,8000000,12,ok,0,4,7,12,8,4,,"[null,null,null,2,null]",,,,
19839,Aidoo,joseph-aidoo,5,2,190000,9000000,4,ok,0,4,4,12,4,8,4,"[null,null,null,null,null]",,,,
22964,Foyth,juan-foyth,19,2,460000,17000000,8,doubt,-10000,7,6,44,26,18,89,"[""injured"",""injured"",""injured"",""injured"",""injured""]",,,Rotura en el tendón de Aquiles.,1779688810
23840,Juan Iglesias,juan-iglesias,8,2,3260000,12000000,21,ok,0,19,18,135,75,60,134,"[6,6,2,2,2]",,[3],,
34805,Juan Musso,juan-musso,2,1,590000,9000000,1,ok,-10000,2,6,28,16,12,8,"[-2,null,6,null,2]",,,,
25396,Juanlu,juanlu-sanchez,17,3,810000,12000000,16,ok,-10000,17,15,79,43,36,115,"[null,2,2,2,2]",,[2],,
832,Juanmi,juanmi-jimenez,8,4,150000,8000000,7,injured,0,4,4,17,13,4,48,"[""injured"",""injured"",""injured"",""injured"",""injured""]",i/p/hero/832.png,,Operación en el tendón rotuliano. Retorno estimado: Mediados de Septiembre.,1775296800
30477,Bellingham,jude-bellingham,15,3,15600000,54000000,5,ok,-150000,14,14,116,76,40,183,"[10,2,10,-2,6]",i/p/hero/30477.png,,,
19192,Agirrezabala,julen-agirrezabala,18,1,410000,12000000,25,ok,-10000,9,9,60,26,34,50,"[null,null,null,""doubt"",""doubt""]",,,,
18945,Koundé,jules-kounde,3,2,4120000,25000000,23,ok,-50000,15,15,107,75,32,178,"[null,2,-2,null,""sanctioned""]",i/p/hero/18945.png,,,
39673,Julio Díaz,julio-diaz,2,2,160000,8000000,34,ok,10000,0,4,24,0,24,,"[null,null,null,null,6]",,,,
12596,Firpo,junior-firpo,87,2,180000,19000000,23,ok,0,7,5,14,4,10,,"[null,2,2,null,""injured""]",,,,
3159,Jutglà,jutgla,5,4,4690000,28000000,9,ok,0,16,14,133,62,71,,"[2,-2,16,2,6]",i/p/hero/3159.png,,,
38075,Kervin Arriaga,kervin-arriaga,10,3,2290000,9000000,16,ok,-50000,13,14,93,41,52,,"[6,14,14,""sanctioned"",2]",,,,
18256,Kike Barja,kike-barja,93,3,400000,7000000,11,ok,-10000,14,13,66,44,22,36,"[2,2,10,null,2]",,[4],,
742,Kike García,kike-garcia,7,4,2510000,14000000,19,ok,-50000,18,19,124,62,62,170,"[2,5,9,2,-2]",i/p/hero/742.png,,,
28115,Kike Salas,kike-salas,17,2,2830000,13000000,4,ok,0,14,12,120,81,39,123,"[2,6,11,6,6]",i/p/hero/28115.png,,,
856,Kiko Femenía,kiko-femenia,8,2,380000,10000000,17,ok,-10000,15,13,73,47,26,96,"[null,""doubt"",""doubt"",""doubt"",2]",,[3],,
39301,Kochen,kochen,3,1,150000,7000000,31,ok,0,0,0,0,0,0,,"[null,null,null,null,null]",,,,
1083,Koke,koke,2,3,3920000,15000000,6,ok,0,18,16,144,80,64,94,"[2,6,2,2,6]",,,,
26271,Yamal,lamine-yamal,3,4,14350000,66000000,10,ok,170000,15,13,220,121,99,233,"[null,""injured"",""injured"",""injured"",""injured""]",i/p/hero/26271.png,,,
1613,Laporte,laporte,1,2,3020000,22000000,14,ok,-60000,14,11,94,56,38,,"[null,2,2,2,2]",,,,
26071,Ramazani,largie-ramazani,18,4,4290000,8000000,17,ok,-90000,15,12,114,59,55,,"[2,2,2,2,2]",i/p/hero/26071.png,[3],,
15719,Le Normand,le-normand,2,2,1460000,15000000,24,ok,-40000,14,14,63,31,32,91,"[""sanctioned"",2,2,2,2]",i/p/hero/15719.png,,,
11800,Cabrera,leandro-cabrera,7,2,3980000,12000000,6,ok,0,19,18,181,91,90,120,"[6,6,6,2,2]",i/p/hero/11800.png,,,
2476,Lejeune,lejeune,70,2,7610000,17000000,24,ok,0,18,18,190,109,81,196,"[null,6,11,6,6]",,,,
2577,Lekue,lekue,1,2,150000,8000000,15,ok,0,8,4,-2,-2,0,22,"[2,null,null,null,null]",,,,
6828,Lenglet,lenglet,2,2,280000,12000000,15,ok,0,7,12,27,14,13,72,"[-2,2,2,null,2]",,,,
38189,Pétrot,leo-petrot,75,2,350000,8000000,21,ok,-10000,16,16,48,36,12,,"[0,null,-8,null,null]",,[3],,
26945,Lewandowski,lewandowski,3,4,8560000,41000000,9,ok,-190000,15,16,148,64,84,229,"[9,10,-2,2,13]",i/p/hero/26945.png,,,
34717,Logan Costa,logan-costa,19,2,150000,13000000,2,ok,0,1,1,2,2,0,110,"[2,0,null,null,null]",,,,
39941,Lookman,lookman,2,4,8030000,34000000,22,ok,-180000,6,6,32,18,14,,"[2,9,5,2,null]",,[3],,
10650,Losada,losada,10,4,430000,8000000,18,ok,-10000,11,12,51,24,27,37,"[2,2,2,null,2]",,[3],,
38957,Lucas Beltrán,lucas-beltran,18,4,300000,17000000,15,ok,0,12,15,62,36,26,,"[null,""doubt"",""doubt"",""doubt"",""doubt""]",,[3],,
12494,Boyé,lucas-boye,91,4,2410000,9000000,15,ok,-40000,15,14,142,86,56,,"[2,2,""doubt"",""doubt"",""doubt""]",,,,
39874,Lucas Cepeda,lucas-cepeda,75,4,150000,9000000,24,ok,0,6,4,19,17,2,,"[null,0,null,null,0]",,[3],,
19485,Torró,lucas-torro,93,3,1200000,16000000,6,ok,-20000,17,17,114,72,42,150,"[2,2,6,2,2]",,,,
32338,Agoumé,lucien-agoume,17,3,1840000,11000000,18,ok,-40000,17,17,108,46,62,76,"[2,2,2,-2,2]",,,,
39398,Luis Castro,luis-castro,10,5,210000,7000000,0,ok,0,12,10,32,24,8,,"[0,3,3,3,0]",,,,
21854,Luis García,luis-garcia,17,5,300000,8000000,0,ok,0,4,5,12,9,3,14,"[0,0,3,3,3]",,,,
19445,Luis Milla,luis-milla,8,3,11790000,19000000,5,ok,-200000,18,19,204,116,88,153,"[14,2,10,6,6]",,,,
17442,Rioja,luis-rioja,18,4,2820000,17000000,11,ok,-60000,19,18,139,76,63,141,"[9,2,2,2,-2]",,[3],,
39836,Luis Vázquez,luis-vazquez,8,4,1290000,10000000,19,ok,0,8,9,67,35,32,,"[2,2,null,2,6]",,,,
26676,Luiz Felipe,luiz-felipe,70,2,210000,9000000,5,doubt,0,5,5,22,16,6,,"[""injured"",""injured"",""injured"",""injured"",""injured""]",,,Lesión en los isquiotibiales.,1779620409
34621,Luiz Júnior,luiz-junior,19,1,1110000,12000000,1,ok,-10000,14,14,104,52,52,66,"[null,null,null,null,null]",,,,
34469,Luka Sucic,luka-sucic,13,3,1920000,15000000,24,ok,-30000,9,13,78,34,44,96,"[6,2,6,2,2]",,[4],,
15464,Diakhaby,m-diakhaby,18,2,310000,9000000,4,ok,-10000,3,5,35,23,12,54,"[""doubt"",""injured"",""injured"",""injured"",""injured""]",,,,
33789,Manolo González,manolo-gonzalez,7,5,540000,7000000,0,ok,0,19,19,46,26,20,42,"[1,3,3,0,0]",,,,
26299,Manu Bueno,manu-bueno,17,3,150000,7000000,28,ok,0,4,4,24,16,8,18,"[""doubt"",""injured"",""injured"",""injured"",""doubt""]",,,,
290,Manu Fernández,manu-fernandez,5,2,150000,7000000,12,ok,0,7,7,18,12,6,,"[null,null,null,null,-2]",,,,
1721,Manu Sánchez,manu-sanchez,10,2,990000,11000000,23,ok,-20000,16,17,111,56,55,97,"[2,6,-2,2,null]",,,,
40070,Manuel Ángel,manuel-angel,15,3,150000,7000000,37,ok,0,1,3,4,2,2,,"[null,null,null,null,null]",,,,
37717,Marc Aguado,marc-aguado,75,3,1700000,7000000,8,ok,0,17,18,108,64,44,,"[6,2,2,2,2]",,,,
1125,Bartra,marc-bartra,87,2,1200000,14000000,5,ok,-20000,13,12,89,50,39,136,"[""doubt"",""injured"",""injured"",""injured"",""injured""]",i/p/hero/1125.png,,,
34077,Marc Bernal,marc-bernal,3,3,4740000,8000000,22,ok,0,11,11,108,70,38,18,"[2,6,2,2,6]",i/p/hero/34077.png,,,
32629,Marc Casadó,marc-casado,3,3,1050000,16000000,17,ok,-20000,15,9,46,50,-4,105,"[0,2,-2,null,null]",,,,
25398,Pubill,marc-pubill,2,2,5250000,10000000,18,ok,-120000,11,8,107,62,45,,"[7,6,10,2,null]",,,,
5807,Marc Roca,marc-roca,87,3,1530000,10000000,21,ok,-30000,15,14,94,46,48,64,"[2,2,null,6,2]",i/p/hero/5807.png,,,
34526,Marc Vidal,marc-vidal,5,1,150000,7000000,25,ok,0,0,0,0,0,0,,"[null,null,null,null,null]",,,,
26813,Marcão,marcao,17,2,280000,7000000,23,ok,0,5,8,23,14,9,5,"[""doubt"",""injured"",""injured"",""injured"",""injured""]",,,,
28087,Marcos Alonso,marcos-alonso,5,2,2790000,16000000,20,ok,0,15,17,119,50,69,142,"[6,2,2,6,""sanctioned""]",,,,
2600,Marcos Llorente,marcos-llorente,2,2,6360000,26000000,14,ok,-140000,15,14,117,78,39,140,"[-2,null,3,2,null]",i/p/hero/2600.png,[3],,
5697,Mariano,mariano-diaz,91,4,160000,7000000,9,ok,0,4,6,20,8,12,,"[null,null,null,null,null]",,,,
36556,Mariezkurrena,mariezkurrena,13,4,150000,7000000,34,ok,0,0,1,0,0,0,38,"[null,null,null,null,null]",,,,
2368,Mario Martín,mario-martin,8,3,850000,8000000,6,ok,-10000,16,19,118,68,50,49,"[2,2,6,2,""sanctioned""]",,,,
33938,Sannadi,maroan-sannadi,1,4,210000,11000000,21,ok,0,6,4,23,15,8,57,"[null,2,null,null,null]",,,,
38355,Neto,martim-neto,75,3,530000,7000000,16,ok,-10000,12,13,84,58,26,,"[null,null,null,null,2]",,,,
38164,Mastantuono,mastantuono,15,4,1060000,14000000,30,ok,-20000,12,11,41,10,31,,"[-2,2,-2,0,2]",,,,
39399,Matarazzo,matarazzo,13,5,1060000,7000000,0,ok,0,11,10,29,19,10,,"[1,0,1,1,0]",,,,
17482,Dituro,matias-dituro,75,1,2130000,8000000,1,ok,110000,11,11,88,46,42,,"[2,2,2,2,2]",,,,
38178,Matías Moreno,matias-moreno,10,2,1330000,9000000,2,ok,-20000,14,14,88,50,38,,"[2,6,2,2,-2]",,,,
40006,Matías Vecino,matias-vecino,5,3,210000,9000000,15,ok,0,4,2,2,0,2,,"[0,0,""doubt"",""doubt"",""doubt""]",,,,
38059,Ruggeri,matteo-ruggeri,2,2,1070000,20000000,3,ok,-20000,14,12,44,36,8,,"[2,2,2,2,null]",,,,
10139,Arambarri,mauro-arambarri,8,3,6820000,22000000,8,ok,-170000,19,18,196,101,95,201,"[6,2,10,6,2]",i/p/hero/10139.png,,,
19577,Mbappé,mbappe,15,4,22720000,70000000,10,ok,0,15,16,221,103,118,267,"[5,2,2,""injured"",""injured""]",i/p/hero/19577.png,,,
40551,Miguel Cubo,miguel-cubo,2,4,440000,8000000,61,ok,0,1,1,19,6,13,,"[null,null,6,13]",,,,
3259,Miguel Román,miguel-roman,5,3,600000,8000000,16,doubt,-10000,9,10,90,38,52,,"[""doubt"",""injured"",""injured"",""injured"",""injured""]",,,Fractura en la base del quinto metatarsiano.,1779566432
23988,Miguel Rubio,miguel-rubio,7,2,240000,8000000,15,ok,0,6,6,27,17,10,,"[null,null,null,null,null]",,,,
31702,Ristic,mihailo-ristic,5,2,150000,7000000,21,ok,0,2,3,0,0,0,20,"[null,null,null,0,null]",,[3],,
30210,Jauregizar,mikel-jauregizar,1,3,1800000,14000000,18,ok,0,18,18,113,57,56,150,"[2,2,2,6,-2]",,,,
5717,Vesga,mikel-vesga,1,3,190000,8000000,6,ok,0,11,12,36,18,18,58,"[0,null,null,2,null]",,,,
1462,Moi Gómez,moi-gomez,93,3,1050000,8000000,16,ok,-10000,13,13,78,54,24,44,"[2,2,6,null,2]",,,,
8747,Moncayola,moncayola,93,3,2510000,11000000,7,ok,-40000,18,18,140,80,60,106,"[2,6,2,6,2]",,[2],,
1868,Morales,morales,10,4,330000,9000000,11,ok,-10000,9,11,33,15,18,,"[null,null,null,2,null]",i/p/hero/1868.png,[3],,
25815,Nacho Pérez,nacho-perez,10,2,210000,7000000,29,ok,0,2,1,4,4,0,,"[null,2,0,2]",,,,
27059,Molina,nahuel-molina,2,2,1130000,12000000,16,doubt,-20000,14,12,60,27,33,64,"[""injured"",""injured"",""injured"",-2,10]",i/p/hero/27059.png,,Recuperación de lesión.,1779688812
25384,Tenaglia,nahuel-tenaglia,91,2,3170000,15000000,14,ok,0,19,17,162,104,58,158,"[6,6,10,2,7]",,,,
19614,Natan,natan,87,2,1340000,12000000,4,ok,-20000,17,16,94,42,52,85,"[2,2,2,""doubt"",2]",,,,
39876,Maupay,neal-maupay,17,4,1640000,8000000,17,ok,10000,6,6,38,8,30,,"[2,-2,6,2,6]",,,,
37416,Deossa,nelson-deossa,87,3,310000,20000000,18,ok,0,9,11,54,30,24,,"[null,6,null,2,2]",,,,
18916,Gudelj,nemanja-gudelj,17,3,810000,11000000,6,ok,-10000,17,17,87,42,45,69,"[0,2,2,2,2]",,[2],,
38966,Nico González,nico-gonzalez-2,2,3,1410000,35000000,23,doubt,180000,13,11,97,55,42,,"[""injured"",""injured"",""injured"",""injured"",""injured""]",i/p/hero/38966.png,[4],Lesión muscular.,1779688816
24956,Nico Serrano,nico-serrano,1,4,200000,7000000,22,ok,0,9,7,45,29,16,8,"[null,2,2,null,null]",,,,
21008,Nico Williams,nico-williams,1,4,6310000,47000000,10,ok,-100000,13,12,132,72,60,137,"[null,""injured"",""injured"",6,16]",i/p/hero/21008.png,,,
34479,Pépé,nicolas-pepe,19,4,11550000,16000000,19,ok,0,19,17,180,105,75,125,"[6,null,2,2,13]",i/p/hero/34479.png,[3],,
37467,Nobel Mendy,nobel-mendy,70,2,690000,7000000,32,ok,-10000,11,13,51,39,12,-4,"[2,null,6,0,2]",,,,
5352,Óscar Valentín,o-valentin,70,3,1390000,9000000,23,ok,-30000,17,16,98,60,38,114,"[2,6,2,6,0]",,,,
38405,Odysseas,o-vlachodimos,17,1,1690000,17000000,1,ok,0,17,16,138,66,72,,"[null,2,2,2,2]",,,,
39974,Obed Vargas,obed-vargas,2,3,1100000,10000000,21,ok,-30000,6,6,32,16,16,,"[-2,2,2,2,6]",,,,
1897,Oblak,oblak,2,1,2180000,20000000,13,ok,0,17,13,112,58,54,124,"[null,6,null,2,null]",,,,
6871,Odriozola,odriozola,13,2,150000,7000000,20,injured,0,4,1,29,14,15,4,"[""injured"",""injured"",""injured"",""injured"",""injured""]",,,Rotura del ligamento cruzado anterior. Retorno estimado: Mediados de Octubre.,1771671600
28103,El Hilali,omar-el-hilali,7,2,1090000,13000000,23,ok,-20000,18,18,92,48,44,120,"[2,2,2,2,2]",,,,
37726,Oriol Rey,oriol-rey,10,3,260000,8000000,20,ok,0,9,11,48,20,28,,"[2,null,null,6,null]",,,,
31493,Nyland,orjan-nyland,17,1,250000,10000000,13,ok,0,2,3,10,0,10,112,"[-2,null,null,null,null]",,,,
19693,Osambela,osambela,93,3,150000,7000000,29,ok,0,7,11,28,12,16,,"[2,null,2,0,2]",,,,
23403,Mingueza,oscar-mingueza,5,2,2510000,18000000,3,ok,0,17,17,115,56,59,144,"[0,-2,6,2,0]",i/p/hero/23403.png,[3],,
9462,Trejo,oscar-trejo,70,3,150000,7000000,8,ok,0,3,4,22,14,8,44,"[null,10,null,null,null]",,,,
35055,Óskarsson,oskarsson,13,4,2770000,10000000,9,ok,-70000,11,9,97,69,28,43,"[9,13,""sanctioned"",9,2]",,,,
39360,Oso,oso,17,2,2280000,8000000,36,ok,-60000,11,10,94,36,58,,"[2,6,11,2,0]",,[3],,
2603,Oyarzabal,oyarzabal,13,4,15370000,27000000,10,ok,-310000,16,18,213,122,91,123,"[2,2,6,9,2]",i/p/hero/2603.png,,,
34127,Peque,p-fernandez,17,4,310000,8000000,14,ok,0,12,14,70,40,30,65,"[2,null,null,null,0]",,[3],,
29184,Barrios,pablo-barrios,2,3,2850000,18000000,8,ok,-30000,11,12,110,66,44,104,"[""injured"",""injured"",""injured"",""injured"",""injured""]",,,,
37894,Pablo Campos,pablo-campos,10,1,260000,7000000,1,ok,0,1,1,8,6,2,,"[null,null,null,null,null]",,,,
29185,Pablo Durán,pablo-duran,5,4,310000,9000000,18,injured,20000,15,15,62,25,37,102,"[0,2,2,2,null]",,,Operación en el hombro izquierdo. Retorno estimado: Finales de Agosto.,1779793210
35763,Pablo García,pablo-garcia,87,4,220000,7000000,52,ok,0,8,7,34,24,10,4,"[null,null,null,null,""discarded""]",,[3],,
14800,Pablo Ibáñez,pablo-ibanez,91,3,1360000,8000000,19,ok,-20000,19,18,128,66,62,74,"[2,2,6,2,2]",,,,
29034,Pablo Marín,pablo-marin,13,3,750000,9000000,15,ok,-10000,17,17,84,46,38,64,"[2,10,2,2,2]",,[4],,
4245,Pablo Martínez,pablo-martinez,10,3,2310000,9000000,10,ok,-70000,13,14,98,58,40,,"[6,6,2,6,2]",,,,
39736,Paco Cortés,paco-cortes,10,4,150000,7000000,27,ok,0,7,5,26,20,6,,"[null,null,null,null,null]",,[3],,
30081,Pape Gueye,pape-gueye,19,3,8910000,17000000,18,ok,-200000,14,16,151,95,56,127,"[14,-2,2,null,null]",,,,
951,Parejo,parejo,19,3,2350000,19000000,10,ok,-50000,17,15,89,57,32,161,"[9,2,2,2,6]",i/p/hero/951.png,,,
24326,Pathé Ciss,pathe-ciss,70,3,3520000,12000000,6,ok,-80000,14,15,122,84,38,122,"[2,2,2,6,6]",,[2],,
28187,Pau Cabanes,pau-cabanes,19,4,150000,7000000,33,ok,0,1,0,2,2,0,33,"[2,null,null,null,""injured""]",,[3],,
32440,Cubarsí,pau-cubarsi,3,2,9840000,21000000,5,ok,-220000,14,17,127,64,63,170,"[null,null,6,6,10]",,,,
1874,Pau López,pau-lopez,87,1,300000,15000000,25,ok,0,4,5,38,16,22,2,"[null,null,null,null,null]",,,,
35156,Pau Navarro,pau-navarro,19,2,1900000,7000000,6,ok,0,13,10,94,62,32,48,"[6,null,2,null,2]",,,,
19441,Pedri,pedri,3,3,21410000,55000000,8,ok,-160000,15,14,179,98,81,262,"[null,6,2,6,6]",i/p/hero/19441.png,,,
34483,Pedro Díaz,pedro-diaz,70,3,680000,12000000,4,ok,-10000,18,16,90,58,32,106,"[2,2,2,2,null]",,,,
16889,Pedrosa,pedrosa,75,2,240000,11000000,3,ok,0,12,15,53,20,33,103,"[2,2,2,null,2]",,[3],,
19513,Pellegrini,pellegrini,87,5,1380000,15000000,0,ok,0,19,19,60,36,24,60,"[3,0,3,1,3]",,,,
28012,Chavarría,pep-chavarria,70,2,1990000,11000000,3,ok,-40000,16,17,136,76,60,122,"[null,2,2,2,2]",,,,
12221,Pepelu,pepelu,18,3,2330000,14000000,18,ok,-50000,15,16,91,45,46,66,"[2,2,2,2,2]",i/p/hero/12221.png,[2],,
9047,Pere Milla,pere-milla,7,4,2260000,7000000,11,ok,-40000,18,15,125,74,51,47,"[6,2,13,null,-2]",,[3],,
27271,Pitarch,pitarch,15,3,2440000,7000000,45,ok,-50000,4,6,36,20,16,,"[10,6,null,2,2]",,,,
17148,Pol Lozano,pol-lozano,7,3,800000,8000000,10,ok,-10000,15,18,103,55,48,96,"[null,2,6,2,""sanctioned""]",,,,
25020,Sánchez Flores,quique-sanchez-flores,91,5,380000,7000000,0,ok,0,6,6,16,8,8,,"[0,3,3,1,0]",,,,
35678,Roberto Fernández,r-fernandez,7,4,2160000,12000000,9,ok,0,19,19,165,108,57,104,"[9,2,6,2,2]",,,,
34488,Ricardo Rodríguez,r-rodriguez,87,2,290000,10000000,12,ok,0,12,11,48,30,18,38,"[2,null,null,2,6]",,,,
11633,Raba,raba,18,4,290000,16000000,19,ok,0,9,4,22,16,6,142,"[null,null,null,null,0]",i/p/hero/11633.png,,,
21068,Rafa Marín,rafa-marin,19,2,1050000,9000000,4,ok,-10000,11,12,91,47,44,,"[2,2,null,6,null]",,,,
19297,Rafa Mir,rafa-mir,75,4,1480000,8000000,10,ok,70000,15,12,124,75,49,55,"[null,null,""doubt"",""doubt"",""doubt""]",i/p/hero/19297.png,,,
41253,Ramis,ramis-2,93,5,440000,8000000,0,ok,0,0,0,0,0,0,,[],,,,
26092,Terrats,ramon-terrats,7,3,410000,12000000,14,ok,0,16,13,72,46,26,94,"[2,null,6,-2,6]",i/p/hero/26092.png,[4],,
24336,Nteka,randy-nteka,70,4,160000,8000000,11,ok,0,3,10,41,11,30,57,"[9,null,-2,null,13]",,,,
26930,Raphinha,raphinha,3,4,15530000,55000000,11,ok,-110000,13,9,163,123,40,270,"[null,16,""sanctioned"",2,null]",i/p/hero/26930.png,,,
38289,Rashford,rashford,3,4,10420000,36000000,14,ok,-220000,14,18,168,89,79,,"[-2,null,2,9,6]",,,,
35249,Asencio,raul-asencio,15,2,2000000,17000000,17,ok,-40000,10,13,104,46,58,92,"[2,null,6,2,null]",i/p/hero/35249.png,,,
9068,Raúl Fernández,raul-fernandez,91,1,150000,7000000,13,ok,0,0,0,0,0,0,,"[null,null,null,null,null]",,,,
18382,Raul García,raul-garcia-2,93,4,1960000,8000000,9,ok,-50000,18,18,111,65,46,72,"[2,2,2,2,9]",,,,
33697,Raúl Moro,raul-moro,93,4,920000,8000000,15,ok,-10000,7,7,34,16,18,158,"[2,""injured"",2,2,6]",i/p/hero/33697.png,[3],,
38449,Rego,rego,1,3,390000,8000000,30,ok,-10000,15,14,76,42,34,,"[-2,2,2,2,6]",,,,
38493,Renato Veiga,renato-veiga,19,2,2010000,15000000,12,ok,-40000,17,15,76,36,40,,"[null,null,2,6,6]",,,,
39664,Renzo Saravia,renzo-saravia,18,2,150000,8000000,20,ok,0,3,2,10,2,8,,"[null,""injured"",-2,2,2]",,,,
33243,Risco,risco,8,3,150000,7000000,26,ok,0,0,0,0,0,0,10,"[null,null,null,null,null]",,,,
24474,Robert Navarro,robert-navarro,1,3,2030000,10000000,23,ok,-40000,16,16,140,68,72,90,"[2,2,2,2,14]",,[4],,
37724,Mendoza,rodrigo-mendoza,2,3,610000,7000000,4,ok,-10000,11,13,82,52,30,,"[""injured"",""injured"",0,null,2]",,,,
8670,Roro Riquelme,rodrigo-riquelme,87,3,510000,10000000,17,ok,-10000,10,15,60,14,46,60,"[null,2,2,2,2]",,[4],,
18178,Rodrygo,rodrygo-goes,15,4,1540000,37000000,11,injured,30000,10,9,39,20,19,122,"[""injured"",""injured"",""injured"",""injured"",""injured""]",i/p/hero/18178.png,,Rotura del ligamento cruzado anterior y la rotura del menisco externo de la pierna derecha. Retorno estimado: Mediados de Octubre.,1772535600
15396,Brugué,roger-brugue,10,4,310000,8000000,7,ok,0,8,11,43,10,33,,"[null,-4,9,6,2]",,[3],,
20702,Ronald Araújo,ronald-araujo,3,2,2390000,14000000,4,ok,0,11,13,93,60,33,21,"[-2,2,null,null,2]",i/p/hero/20702.png,,,
33970,Rosier,rosier,93,2,2070000,12000000,19,ok,40000,15,16,128,66,62,113,"[6,2,6,2,6]",,,,
1602,Rubén García,ruben-garcia,93,3,2110000,18000000,14,ok,0,18,17,116,84,32,158,"[0,6,2,2,2]",i/p/hero/1602.png,[4],,
23572,Rubén Sánchez,ruben-sanchez,7,2,240000,7000000,2,ok,0,12,9,64,42,22,,"[6,2,6,2,6]",,[3],,
35615,Rubén Vargas,ruben-vargas,17,4,2110000,15000000,11,ok,-30000,12,12,83,32,51,52,"[2,-2,2,-2,2]",,[3],,
2253,Rüdiger,rudiger,15,2,3840000,15000000,22,ok,-40000,8,10,65,33,32,90,"[null,2,""doubt"",2,2]",i/p/hero/2253.png,,,
2055,De Galarreta,ruiz-de-galarreta,1,3,2340000,15000000,16,ok,0,17,17,124,74,50,106,"[-2,6,2,null,6]",,,,
2184,Ryan,ryan,10,1,3290000,11000000,13,ok,0,18,18,176,80,96,,"[6,10,6,2,2]",,,,
39801,Boselli,s-boselli,8,2,150000,7000000,15,ok,0,6,5,22,14,8,,"[null,null,2,null,null]",,,,
11677,Dimitrievski,s-dimitrievski,18,1,1990000,8000000,1,ok,0,10,10,88,48,40,16,"[6,2,6,10,2]",,,,
31018,Santiago Mouriño,s-mourino,19,2,2470000,11000000,15,ok,-60000,10,18,110,53,57,78,"[10,2,null,6,null]",,,,
17057,Sancet,sancet,1,3,2500000,34000000,8,ok,-30000,12,16,96,55,41,219,"[""doubt"",""injured"",""injured"",2,14]",i/p/hero/17057.png,,,
9480,Comesaña,santi-comesana,19,3,5760000,18000000,14,ok,0,16,18,146,96,50,150,"[null,2,2,2,10]",i/p/hero/9480.png,,,
39792,Satriano,satriano,8,4,2490000,11000000,10,ok,-10000,9,9,90,61,29,,"[null,-2,16,6,2]",,[3],,
39327,Selton Sánchez,selton-sanchez,1,3,150000,7000000,44,ok,0,4,3,10,6,4,,"[null,null,null,null,null]",,,,
31020,Sergi Altimira,sergi-altimira,87,3,780000,12000000,6,ok,-10000,10,14,72,32,40,108,"[null,""doubt"",2,6,null]",,,,
30493,Sergi Cardona,sergi-cardona,19,2,1580000,14000000,23,ok,-30000,13,18,83,36,47,127,"[-2,2,null,6,2]",,,,
17756,Camello,sergio-camello,70,4,3290000,8000000,10,ok,-90000,12,10,77,47,30,71,"[9,13,null,6,13]",i/p/hero/17756.png,,,
10574,Carreira,sergio-carreira,5,2,2160000,10000000,5,ok,-40000,16,18,140,78,62,82,"[6,2,2,2,6]",,[3],,
19299,Sergio Gómez,sergio-gomez,13,2,2680000,20000000,17,ok,-60000,17,18,118,52,66,150,"[6,2,6,2,2]",,[3],,
18251,Sergio Herrera,sergio-herrera,93,1,2180000,15000000,1,ok,-40000,18,19,136,56,80,162,"[2,2,null,-8,6]",,,,
19501,Simeone,simeone,2,5,2050000,18000000,0,ok,0,19,19,69,46,23,76,"[0,3,3,0,3]",,,,
9887,Sivera,sivera,91,1,2370000,13000000,1,ok,0,19,19,172,78,94,154,"[2,2,6,6,2]",,,,
38958,Amrabat,sofyan-amrabat,87,3,3790000,18000000,14,ok,-80000,9,8,78,50,28,,"[null,2,6,2,6]",,,,
26879,Swedberg,swedberg,5,3,2190000,11000000,19,ok,-50000,15,14,104,40,64,102,"[2,6,2,6,6]",,[4],,
34613,Szczęsny,szczesny,3,1,930000,14000000,25,ok,-10000,3,5,44,18,26,82,"[2,null,6,null,null]",i/p/hero/34613.png,,,
16738,Courtois,t-courtois,15,1,3200000,21000000,1,ok,0,16,16,146,66,80,136,"[2,6,6,6,""injured""]",i/p/hero/16738.png,,,
35344,Buchanan,tajon-buchanan,19,3,2920000,11000000,17,ok,0,17,17,142,102,40,46,"[null,-2,2,2,6]",i/p/hero/35344.png,[4],,
20102,Kubo,takefusa-kubo,13,3,6220000,26000000,14,ok,-160000,12,12,100,48,52,192,"[null,null,2,2,6]",i/p/hero/20102.png,[4],,
27715,Nianzou,tanguy-nianzou,17,2,210000,8000000,5,ok,0,6,6,22,20,2,17,"[null,null,null,null,null]",,,,
38854,Oluwaseyi,tani-oluwaseyi,19,4,250000,18000000,21,ok,0,11,16,62,31,31,,"[null,-2,null,2,null]",,,,
39835,Tay Abed,tay-abed,10,4,150000,7000000,55,ok,0,3,4,6,0,6,,"[2,null,null,0,null]",,[3],,
26048,Tchouameni,tchouameni,15,3,9070000,29000000,14,ok,-150000,18,15,148,78,70,82,"[null,2,2,2,6]",,[2],,
22690,Tete Morente,tete-morente,75,4,410000,7000000,15,ok,-10000,7,6,41,25,16,,"[6,2,2,2,2]",,[3],,
35901,Thiago Almada,thiago-almada,2,3,1310000,28000000,11,ok,-20000,14,13,34,40,-6,,"[""injured"",2,-2,-2,-2]",,[4],,
13994,Correia,thierry-correia,18,2,200000,10000000,12,ok,0,11,13,36,16,20,24,"[0,2,""injured"",""injured"",""injured""]",,,,
1924,Thomas,thomas,19,3,300000,28000000,16,ok,0,14,11,38,16,22,,"[null,2,-2,2,2]",,,,
34802,Toni Martínez,toni-martinez,91,4,7820000,8000000,11,ok,0,18,19,192,89,103,94,"[9,9,6,5,2]",i/p/hero/34802.png,,,
31465,Torrents,torrents,3,2,150000,7000000,26,ok,0,1,2,8,6,2,,"[null,null,""injured"",""injured"",""injured""]",,,,
39388,Tunde,tunde-2,10,4,150000,7000000,26,ok,0,12,9,50,36,14,,"[2,0,2,2,2]",,[3],,
39785,Raghouber,ugo-raghouber,10,3,300000,7000000,14,ok,0,8,8,28,12,16,,"[2,0,2,null,2]",,,,
26077,Sadiq,umar-sadiq,18,4,2480000,12000000,6,ok,-60000,12,13,84,29,55,81,"[0,2,2,13,-2]",i/p/hero/26077.png,,,
38144,Egiluz,unai-egiluz,1,2,150000,7000000,13,injured,0,0,0,0,0,0,,"[""injured"",""injured"",null,null,null]",,,Rotura de la plastia del ligamento cruzado anterior de la rodilla derecha. Retorno estimado: Vuelta indefinida.,1778864422
15455,Elgezabal,unai-elgezabal,10,2,240000,8000000,5,ok,0,5,7,33,10,23,,"[""doubt"",""injured"",""injured"",""injured"",""doubt""]",,,,
31348,Unai Gómez,unai-gomez,1,3,240000,8000000,20,ok,0,12,14,60,30,30,82,"[-2,6,6,2,-2]",,[4],,
1969,Unai López,unai-lopez,70,3,320000,10000000,17,ok,0,15,13,77,38,39,92,"[null,2,2,2,2]",,,,
31228,Unai Marrero,unai-marrero,13,1,170000,8000000,13,ok,0,0,1,6,0,6,12,"[6,null,null,null,null]",,,,
10155,Unai Núñez,unai-nunez,18,2,960000,13000000,4,ok,-10000,7,6,46,26,20,22,"[6,2,2,2,null]",,,,
17021,Unai Simón,unai-simon,1,1,1990000,20000000,1,ok,-30000,19,18,142,74,68,86,"[null,2,2,2,2]",i/p/hero/17021.png,,,
21145,Vencedor,unai-vencedor,10,3,240000,8000000,12,ok,0,8,8,32,8,24,,"[null,null,null,null,null]",,,,
22699,Urko Gonzalez,urko-gonzalez,7,3,1780000,9000000,4,ok,-30000,18,18,126,72,54,56,"[6,6,6,2,6]",,,,
37893,Urko Izeta,urko-izeta,1,4,150000,8000000,25,ok,0,7,6,29,16,13,,"[5,2,null,null,null]",,,,
40008,Birmancevic,v-birmancevic,8,4,150000,8000000,20,ok,0,3,3,10,6,4,,"[null,0,null,null,null]",,[3],,
39377,Valdepeñas,valdepenas,15,2,150000,7000000,40,ok,0,0,1,2,0,2,,"[null,null,null,null,null]",,,,
38318,Valentín Gómez,valentin-gomez,87,2,340000,14000000,16,ok,0,14,14,61,37,24,,"[2,2,2,2,null]",,,,
38404,Vertrouwd,vertrouwd,70,2,150000,7000000,33,ok,0,3,6,18,6,12,,"[null,null,null,null,6]",,,,
17121,Víctor García,victor-garcia,10,2,960000,13000000,17,ok,-20000,10,11,76,44,32,,"[null,""doubt"",2,20,null]",,[3],,
37473,Víctor Muñoz,victor-munoz,93,4,7730000,7000000,21,ok,-160000,17,17,222,133,89,2,"[null,9,""doubt"",""injured"",""injured""]",i/p/hero/37473.png,[3],,
32374,Victor Parada,victor-parada,91,2,300000,7000000,24,ok,0,13,17,61,38,23,,"[2,6,6,2,2]",,,,
39924,Ville Koski,ville-koski,91,2,310000,8000000,16,ok,0,3,2,20,18,2,,"[6,2,10,null,null]",,,,
15568,Vinícius Jr,vinicius-junior,15,4,18570000,54000000,7,ok,-150000,18,18,216,103,113,155,"[null,5,2,2,16]",i/p/hero/15568.png,,,
39925,Wesley,wesley,13,4,150000,9000000,22,ok,0,2,3,6,4,2,,"[null,null,null,null,2]",,[3],,
1995,Iñaki Williams,williams,1,4,2320000,30000000,9,ok,-50000,15,15,65,32,33,188,"[6,5,2,2,-2]",i/p/hero/1995.png,,,
30628,Kambwala,willy-kambwala,19,2,150000,7000000,5,ok,0,1,1,-2,0,-2,30,"[null,-2,null,null,0]",,,,
40075,Xavi Espart,xavi-espart,3,2,310000,7000000,42,ok,0,2,2,6,6,0,,"[-2,null,2,null,null]",,,,
37720,Yago Santiago,yago-santiago,75,4,150000,7000000,7,injured,0,3,7,10,2,8,,"[""injured"",""injured"",""injured"",""injured"",""doubt""]",,[3],Artroscopia de rodilla. Retorno estimado: Vuelta indefinida.,1777888800
17344,Yangel Herrera,yangel-herrera,13,3,670000,17000000,12,ok,-10000,5,9,28,16,12,126,"[2,null,2,null,2]",,,,
5771,Yeray,yeray-alvarez,1,2,850000,13000000,5,ok,-20000,3,4,26,14,12,111,"[2,6,2,2,2]",,,,
33474,Yoel Lago,yoel-lago,5,2,490000,7000000,29,ok,-10000,5,7,34,22,12,32,"[6,2,6,6,6]",,,,
1074,Yuri,yuri-berchiche,1,2,1640000,11000000,17,ok,-30000,16,16,104,60,44,86,"[null,6,""doubt"",2,6]",i/p/hero/1074.png,,,
37525,Yusi Enríquez,yusi-enriquez,91,2,200000,7000000,3,ok,0,14,11,62,32,30,,"[null,2,null,2,null]",,,,
39804,Zaid Romero,zaid-romero,8,2,2680000,7000000,24,ok,-70000,7,8,76,39,37,,"[6,6,11,6,""sanctioned""]",,,,
8376,Zubeldia,zubeldia,13,2,460000,13000000,5,ok,-10000,12,13,76,40,36,90,"[2,2,0,""doubt"",""doubt""]",,,,
